uid,sx,sy,sz,pseudo_site,site_id
xaji0y6d,2.46,2.46,2.46,2.5x2.5x2.5,7
pbhsahxt,2.46,2.46,2.46,2.5x2.5x2.5,7
hv3a3zmf,2.46,2.46,2.46,2.5x2.5x2.5,7
8mdd4v30,2.46,2.46,2.46,2.5x2.5x2.5,7
t9nt3w5u,2.46,2.46,2.46,2.5x2.5x2.5,7
zbikcidk,2.46,2.46,2.46,2.5x2.5x2.5,7
wnnhj7xv,2.46,2.46,2.46,2.5x2.5x2.5,7
g0fn9xuy,2.46,2.46,2.46,2.5x2.5x2.5,7
41ibljh7,2.46,2.46,2.46,2.5x2.5x2.5,7
5lxo6qji,2.46,2.46,2.46,2.5x2.5x2.5,7
ujv6oh9s,2.46,2.46,2.46,2.5x2.5x2.5,7
dbdw2pcn,2.46,2.46,2.46,2.5x2.5x2.5,7
9t84azyt,2.46,2.46,2.46,2.5x2.5x2.5,7
jxepq85j,2.46,2.46,2.46,2.5x2.5x2.5,7
sg65kxvf,2.46,2.46,2.46,2.5x2.5x2.5,7
1t2tala7,2.46,2.46,2.46,2.5x2.5x2.5,7
53lc58dr,2.46,2.46,2.46,2.5x2.5x2.5,7
c11ertj5,2.46,2.46,2.46,2.5x2.5x2.5,7
9mx2x18h,3.9,3.9,3.9,4.0x4.0x4.0,13
afeyuhz1,3.9,3.9,3.9,4.0x4.0x4.0,13
gv0e38da,3.9,3.9,3.9,4.0x4.0x4.0,13
ly8ozcyw,3.9,3.9,3.9,4.0x4.0x4.0,13
d14ve92m,3.9,3.9,3.9,4.0x4.0x4.0,13
pnsm43d8,3.9,3.9,3.9,4.0x4.0x4.0,13
w3zp08j3,3.9,3.9,3.9,4.0x4.0x4.0,13
trp0j43d,3.9,3.9,3.9,4.0x4.0x4.0,13
5iqvnb4g,3.9,3.9,3.9,4.0x4.0x4.0,13
h2m5zja8,3.9,3.9,3.9,4.0x4.0x4.0,13
dzr1yxr2,3.9,3.9,3.9,4.0x4.0x4.0,13
dhylurtp,3.9,3.9,3.9,4.0x4.0x4.0,13
0lzjjege,3.9,3.9,3.9,4.0x4.0x4.0,13
t1ghr09s,3.9,3.9,3.9,4.0x4.0x4.0,13
kdgigatj,3.9,3.9,3.9,4.0x4.0x4.0,13
9tze5r5u,3.89,3.89,3.9,4.0x4.0x4.0,13
qpgb7r3o,1.47,1.47,1.5,1.5x1.5x1.5,0
cwbfuk9e,3.9,3.9,3.9,4.0x4.0x4.0,13
1v2isqp4,3.9,3.9,3.9,4.0x4.0x4.0,13
9kwv08hh,3.9,3.9,3.9,4.0x4.0x4.0,13
xfgcaqvk,3.9,3.9,3.9,4.0x4.0x4.0,13
izzqy72w,3.9,3.9,3.9,4.0x4.0x4.0,13
x7ptx63c,3.9,3.9,3.9,4.0x4.0x4.0,13
fl0ukeyz,3.9,3.9,3.9,4.0x4.0x4.0,13
7srcbplj,3.9,3.9,3.9,4.0x4.0x4.0,13
d84u89yj,3.9,3.9,3.9,4.0x4.0x4.0,13
b1qx6gvw,3.9,3.9,3.9,4.0x4.0x4.0,13
rdmly4ly,3.9,3.9,3.9,4.0x4.0x4.0,13
k83tqll8,3.9,3.9,3.9,4.0x4.0x4.0,13
os9xtogn,3.9,3.9,3.9,4.0x4.0x4.0,13
1w1ht7pz,3.9,3.9,3.9,4.0x4.0x4.0,13
e9vifttd,3.9,3.9,3.9,4.0x4.0x4.0,13
96qe3rzs,3.9,3.9,3.9,4.0x4.0x4.0,13
j49itn7s,3.9,3.9,3.9,4.0x4.0x4.0,13
55j2o7s3,3.9,3.9,3.9,4.0x4.0x4.0,13
kkv9rftm,3.9,3.9,3.9,4.0x4.0x4.0,13
ttqlgzui,3.9,3.9,3.9,4.0x4.0x4.0,13
1b0z3nx3,3.9,3.9,3.9,4.0x4.0x4.0,13
9rbsv55p,3.9,3.9,3.9,4.0x4.0x4.0,13
sq0oxfq8,3.9,3.9,3.9,4.0x4.0x4.0,13
myx444nl,3.9,3.9,3.9,4.0x4.0x4.0,13
z15bcw79,3.9,3.9,3.9,4.0x4.0x4.0,13
0pdw5py6,3.9,3.9,3.9,4.0x4.0x4.0,13
b2knftu2,3.9,3.9,3.9,4.0x4.0x4.0,13
gc5wi6fq,3.9,3.9,3.9,4.0x4.0x4.0,13
jja26yfp,3.9,3.9,3.9,4.0x4.0x4.0,13
mvxpj4hn,3.9,3.9,3.9,4.0x4.0x4.0,13
riuu9k9x,3.9,3.9,3.9,4.0x4.0x4.0,13
juy0bvr6,3.9,3.9,3.9,4.0x4.0x4.0,13
k2vmwwyz,3.9,3.9,3.9,4.0x4.0x4.0,13
x4w6xlpu,3.9,3.9,3.9,4.0x4.0x4.0,13
0dk0get8,3.9,3.9,3.9,4.0x4.0x4.0,13
t63j3r30,3.9,3.9,3.9,4.0x4.0x4.0,13
me8f8409,3.9,3.9,3.9,4.0x4.0x4.0,13
82n2atqy,3.9,3.9,3.9,4.0x4.0x4.0,13
yv37dia5,3.9,3.9,3.9,4.0x4.0x4.0,13
u6hc36ko,3.9,3.9,3.9,4.0x4.0x4.0,13
f8krd5eq,3.9,3.9,3.9,4.0x4.0x4.0,13
y08p0fod,3.9,3.9,3.9,4.0x4.0x4.0,13
ro8bnp84,3.9,3.9,3.9,4.0x4.0x4.0,13
dyt9moge,3.9,3.9,3.9,4.0x4.0x4.0,13
4qxxva2i,3.9,3.9,3.9,4.0x4.0x4.0,13
euc1hh5l,3.9,3.9,3.9,4.0x4.0x4.0,13
f6a4fejg,3.9,3.9,3.9,4.0x4.0x4.0,13
xaa2ilgb,3.9,3.9,3.9,4.0x4.0x4.0,13
0s0r2sds,3.9,3.9,3.9,4.0x4.0x4.0,13
8b25sq8c,3.9,3.9,3.9,4.0x4.0x4.0,13
royr6ccv,3.9,3.9,3.9,4.0x4.0x4.0,13
cjwtl9tq,3.9,3.9,3.9,4.0x4.0x4.0,13
vdz4x1zh,3.9,3.9,3.9,4.0x4.0x4.0,13
qimqodpx,3.9,3.9,3.9,4.0x4.0x4.0,13
nf7c3dd0,3.9,3.9,3.9,4.0x4.0x4.0,13
3uvulemx,1.61,1.61,3.0,1.5x1.5x3.0,1
15z8vmuh,1.51,1.51,3.0,1.5x1.5x3.0,1
xid4n1u3,1.57,1.57,3.0,1.5x1.5x3.0,1
493wxa73,1.54,1.54,3.0,1.5x1.5x3.0,1
jgzlma5u,1.63,1.63,3.0,1.5x1.5x3.0,1
ofwb0hpm,1.65,1.65,3.0,1.5x1.5x3.0,1
nz1udbfw,1.62,1.62,3.0,1.5x1.5x3.0,1
yjxrpj1e,1.64,1.64,3.0,1.5x1.5x3.0,1
pkyrybov,1.56,1.56,3.0,1.5x1.5x3.0,1
akhejla0,1.58,1.58,3.0,1.5x1.5x3.0,1
gnzs43c5,1.47,1.47,1.5,1.5x1.5x1.5,0
ba75uuzp,1.45,1.45,1.5,1.5x1.5x1.5,0
eal2w37d,1.47,1.47,1.5,1.5x1.5x1.5,0
4ivsolml,1.47,1.47,1.5,1.5x1.5x1.5,0
gses6m03,1.53,1.53,3.0,1.5x1.5x3.0,1
3ifhv1xg,1.47,1.47,1.5,1.5x1.5x1.5,0
1r11q7uw,1.48,1.48,1.5,1.5x1.5x1.5,0
w5wfcpkj,1.47,1.47,1.5,1.5x1.5x1.5,0
cslqc3c5,1.46,1.46,1.5,1.5x1.5x1.5,0
4wsqt26q,1.54,1.54,3.0,1.5x1.5x3.0,1
3xlrfcd6,1.47,1.47,1.5,1.5x1.5x1.5,0
mzsgipps,1.53,1.53,3.0,1.5x1.5x3.0,1
fnkomv2x,1.59,1.59,3.0,1.5x1.5x3.0,1
cdyk0x65,1.65,1.65,3.0,1.5x1.5x3.0,1
mufm8zov,1.76,1.76,3.0,2.0x2.0x3.0,3
7ln23y30,1.62,1.62,3.0,1.5x1.5x3.0,1
ysxpnngh,1.65,1.65,3.0,1.5x1.5x3.0,1
8riec4d1,1.62,1.62,3.0,1.5x1.5x3.0,1
45bm1enf,1.63,1.63,3.0,1.5x1.5x3.0,1
313fpoyi,1.52,1.52,3.0,1.5x1.5x3.0,1
pk0qtl3q,1.6,1.6,3.0,1.5x1.5x3.0,1
4n89qkns,1.5,1.5,3.0,1.5x1.5x3.0,1
832ejx5t,1.52,1.52,3.0,1.5x1.5x3.0,1
d44k1j6f,1.37,1.37,1.5,1.5x1.5x1.5,0
p8hqmabs,1.45,1.45,1.5,1.5x1.5x1.5,0
i9nb74x2,1.41,1.41,1.5,1.5x1.5x1.5,0
ek3zezqa,1.47,1.47,1.5,1.5x1.5x1.5,0
cj4t0sek,1.63,1.63,3.0,1.5x1.5x3.0,1
kbp2qd6v,1.47,1.47,1.5,1.5x1.5x1.5,0
asifpwio,1.67,1.67,3.0,1.5x1.5x3.0,1
xd9css9t,1.71,1.71,3.0,1.5x1.5x3.0,1
oqw9ja2m,1.54,1.54,3.0,1.5x1.5x3.0,1
0w10lbt3,1.5,1.5,1.5,1.5x1.5x1.5,0
g2qzw3c1,1.65,1.65,3.0,1.5x1.5x3.0,1
qkbhb7s9,1.64,1.64,3.0,1.5x1.5x3.0,1
t64z7w2s,1.64,1.64,3.0,1.5x1.5x3.0,1
ehe2atn2,1.76,1.76,3.0,2.0x2.0x3.0,3
twdl9zs1,1.74,1.74,3.0,1.5x1.5x3.0,1
3c9xqym5,1.63,1.63,3.0,1.5x1.5x3.0,1
2xg8p6be,1.47,1.47,1.5,1.5x1.5x1.5,0
fflzm764,2.13,2.13,3.0,2.0x2.0x3.0,3
jwtektsg,2.42,2.42,3.0,2.5x2.5x3.0,8
7fxzv4u3,1.65,1.65,3.0,1.5x1.5x3.0,1
bbxux1ox,1.75,1.75,3.0,2.0x2.0x3.0,3
rwk8r2yk,1.5,1.5,3.0,1.5x1.5x3.0,1
ccprhvlz,1.61,1.61,3.0,1.5x1.5x3.0,1
049enulq,1.58,1.58,3.0,1.5x1.5x3.0,1
jidknwi5,1.47,1.47,1.5,1.5x1.5x1.5,0
flul1rsr,1.69,1.69,3.0,1.5x1.5x3.0,1
la8s8hmb,1.65,1.65,3.0,1.5x1.5x3.0,1
r5xqt4p5,1.47,1.47,1.5,1.5x1.5x1.5,0
01nouhtc,1.47,1.47,1.5,1.5x1.5x1.5,0
s1k9ye9o,1.47,1.47,1.5,1.5x1.5x1.5,0
2m71hssb,1.69,1.69,3.0,1.5x1.5x3.0,1
elrqvslw,1.47,1.47,1.5,1.5x1.5x1.5,0
f90km3tz,1.47,1.47,1.5,1.5x1.5x1.5,0
k3ny9v20,1.47,1.47,1.5,1.5x1.5x1.5,0
yar821uz,1.47,1.47,1.5,1.5x1.5x1.5,0
vgww4fyb,2.36,2.36,3.0,2.5x2.5x3.0,8
8dalfyo1,1.47,1.47,1.5,1.5x1.5x1.5,0
750cehlx,1.47,1.47,1.5,1.5x1.5x1.5,0
slg6mm1z,1.47,1.47,1.5,1.5x1.5x1.5,0
xyvgiui9,1.88,1.88,3.0,2.0x2.0x3.0,3
kkhzlm72,1.47,1.47,1.5,1.5x1.5x1.5,0
jeyn9382,1.72,1.72,3.0,1.5x1.5x3.0,1
kkzmpjrh,1.58,1.58,3.0,1.5x1.5x3.0,1
t7zewviy,1.61,1.61,3.0,1.5x1.5x3.0,1
twbozd1a,1.58,1.58,3.0,1.5x1.5x3.0,1
t7o75rh8,1.47,1.47,1.5,1.5x1.5x1.5,0
lx6dut07,2.13,2.13,3.0,2.0x2.0x3.0,3
6g5g79or,2.02,2.02,3.0,2.0x2.0x3.0,3
7875aud9,1.59,1.59,3.0,1.5x1.5x3.0,1
k9tr74qg,1.69,1.69,3.0,1.5x1.5x3.0,1
efqjg02u,1.47,1.47,1.5,1.5x1.5x1.5,0
1g463sdy,1.47,1.47,1.5,1.5x1.5x1.5,0
gfliji18,2.3,2.3,2.3,2.5x2.5x2.5,7
k0axycel,2.3,2.3,2.3,2.5x2.5x2.5,7
os6zle6k,2.3,2.3,2.3,2.5x2.5x2.5,7
whef0vot,2.3,2.3,2.3,2.5x2.5x2.5,7
qtxhi15c,2.3,2.3,2.3,2.5x2.5x2.5,7
qzcuctsu,2.3,2.3,2.3,2.5x2.5x2.5,7
flsehuds,2.3,2.3,2.3,2.5x2.5x2.5,7
3qsqcq30,2.3,2.3,2.3,2.5x2.5x2.5,7
o30ubmc9,2.3,2.3,2.3,2.5x2.5x2.5,7
7c7bo119,2.3,2.3,2.3,2.5x2.5x2.5,7
xp9n56ny,2.3,2.3,2.3,2.5x2.5x2.5,7
xtxmgtt0,2.3,2.3,2.3,2.5x2.5x2.5,7
iaakytt3,2.3,2.3,2.3,2.5x2.5x2.5,7
imj70e3p,2.3,2.3,2.3,2.5x2.5x2.5,7
15ahdbvz,2.3,2.3,2.3,2.5x2.5x2.5,7
b0oih5cs,2.3,2.3,2.3,2.5x2.5x2.5,7
k30lvylk,2.3,2.3,2.3,2.5x2.5x2.5,7
fxhkc856,2.3,2.3,2.3,2.5x2.5x2.5,7
wpr97y2l,2.3,2.3,2.3,2.5x2.5x2.5,7
ofn1r4kz,2.3,2.3,2.3,2.5x2.5x2.5,7
36u8ueih,2.3,2.3,2.3,2.5x2.5x2.5,7
x74d0gjy,2.3,2.3,2.3,2.5x2.5x2.5,7
v5g10ur5,2.3,2.3,2.3,2.5x2.5x2.5,7
l8a78e9r,2.3,2.3,2.3,2.5x2.5x2.5,7
ivh6t1nt,2.3,2.3,2.3,2.5x2.5x2.5,7
mjsrd9q4,2.3,2.3,2.3,2.5x2.5x2.5,7
6nouhfj7,2.3,2.3,2.3,2.5x2.5x2.5,7
upfln4rx,2.3,2.3,2.3,2.5x2.5x2.5,7
yj38xrg2,2.3,2.3,2.3,2.5x2.5x2.5,7
gzr7txcb,2.3,2.3,2.3,2.5x2.5x2.5,7
48y1o4iz,2.3,2.3,2.3,2.5x2.5x2.5,7
asnwywrr,2.3,2.3,2.3,2.5x2.5x2.5,7
atatj9a3,2.3,2.3,2.3,2.5x2.5x2.5,7
y36ddfgs,2.3,2.3,2.3,2.5x2.5x2.5,7
3jonou9i,2.3,2.3,2.3,2.5x2.5x2.5,7
y4x41dnt,2.3,2.3,2.3,2.5x2.5x2.5,7
cagrp2u4,2.3,2.3,2.3,2.5x2.5x2.5,7
dtbh55rb,2.3,2.3,2.3,2.5x2.5x2.5,7
c76ub7l8,2.3,2.3,2.3,2.5x2.5x2.5,7
v1zocfi4,2.3,2.3,2.3,2.5x2.5x2.5,7
o6l1f90s,2.3,2.3,2.3,2.5x2.5x2.5,7
9bp4m18o,2.3,2.3,2.3,2.5x2.5x2.5,7
1bj9rm7p,2.3,2.3,2.3,2.5x2.5x2.5,7
yxdw2zcf,2.3,2.3,2.3,2.5x2.5x2.5,7
zw0ldalm,2.3,2.3,2.3,2.5x2.5x2.5,7
jegqtoam,2.3,2.3,2.3,2.5x2.5x2.5,7
dvlnknd6,2.3,2.3,2.3,2.5x2.5x2.5,7
69ugnekr,2.3,2.3,2.3,2.5x2.5x2.5,7
cpprcjiw,2.3,2.3,2.3,2.5x2.5x2.5,7
vhdk8lw2,2.3,2.3,2.3,2.5x2.5x2.5,7
lm349el8,2.3,2.3,2.3,2.5x2.5x2.5,7
hl88kzru,2.3,2.3,2.3,2.5x2.5x2.5,7
in3oeuvt,2.3,2.3,2.3,2.5x2.5x2.5,7
yt8qzpky,2.3,2.3,2.3,2.5x2.5x2.5,7
32orwixz,2.3,2.3,2.3,2.5x2.5x2.5,7
2c9ros7y,2.3,2.3,2.3,2.5x2.5x2.5,7
t2m6twd1,2.3,2.3,2.3,2.5x2.5x2.5,7
xmxb9yo1,2.3,2.3,2.3,2.5x2.5x2.5,7
8pajssuu,2.3,2.3,2.3,2.5x2.5x2.5,7
qo1vsmad,2.3,2.3,2.3,2.5x2.5x2.5,7
o8e7flqh,2.3,2.3,2.3,2.5x2.5x2.5,7
rrpzlk3e,2.3,2.3,2.3,2.5x2.5x2.5,7
4xyf9igf,2.3,2.3,2.3,2.5x2.5x2.5,7
u8iogxpb,2.3,2.3,2.3,2.5x2.5x2.5,7
whvnzh13,2.3,2.3,2.3,2.5x2.5x2.5,7
cd5glqj5,2.3,2.3,2.3,2.5x2.5x2.5,7
sxvwvm4w,2.3,2.3,2.3,2.5x2.5x2.5,7
3zkwdeek,2.3,2.3,2.3,2.5x2.5x2.5,7
gyspengw,2.3,2.3,2.3,2.5x2.5x2.5,7
yx9trflq,2.3,2.3,2.3,2.5x2.5x2.5,7
bmae38sr,2.3,2.3,2.3,2.5x2.5x2.5,7
yo4rcb1k,2.3,2.3,2.3,2.5x2.5x2.5,7
jtgq01te,2.3,2.3,2.3,2.5x2.5x2.5,7
e13n3bzt,2.3,2.3,2.3,2.5x2.5x2.5,7
9d31k9qm,2.3,2.3,2.3,2.5x2.5x2.5,7
3p91i3vm,2.3,2.3,2.3,2.5x2.5x2.5,7
zwffhhcm,2.3,2.3,2.3,2.5x2.5x2.5,7
ktlzkj49,2.3,2.3,2.3,2.5x2.5x2.5,7
yd82795e,2.3,2.3,2.3,2.5x2.5x2.5,7
5iz31yru,2.3,2.3,2.3,2.5x2.5x2.5,7
joqw5dsk,2.3,2.3,2.3,2.5x2.5x2.5,7
7n8la100,2.3,2.3,2.3,2.5x2.5x2.5,7
qxmcthph,2.3,2.3,2.3,2.5x2.5x2.5,7
j3muurmy,2.3,2.3,2.3,2.5x2.5x2.5,7
bd2qe4pa,2.3,2.3,2.3,2.5x2.5x2.5,7
8hyexf7j,2.3,2.3,2.3,2.5x2.5x2.5,7
xjn6fokz,2.3,2.3,2.3,2.5x2.5x2.5,7
ixzareiy,2.3,2.3,2.3,2.5x2.5x2.5,7
az39pecn,2.3,2.3,2.3,2.5x2.5x2.5,7
0dl5e11e,2.3,2.3,2.3,2.5x2.5x2.5,7
9ftaxp0w,2.3,2.3,2.3,2.5x2.5x2.5,7
foy4dd1v,2.3,2.3,2.3,2.5x2.5x2.5,7
n8lfjdtv,2.3,2.3,2.3,2.5x2.5x2.5,7
v2y4xkss,2.3,2.3,2.3,2.5x2.5x2.5,7
0kb68rer,2.3,2.3,2.3,2.5x2.5x2.5,7
vt997e4u,2.3,2.3,2.3,2.5x2.5x2.5,7
ny181acj,2.3,2.3,2.3,2.5x2.5x2.5,7
bc2swsoz,2.3,2.3,2.3,2.5x2.5x2.5,7
ctwjlsh3,2.3,2.3,2.3,2.5x2.5x2.5,7
tow4ycz0,2.3,2.3,2.3,2.5x2.5x2.5,7
4cdpqvl0,2.3,2.3,2.3,2.5x2.5x2.5,7
0ezzf8s2,2.3,2.3,2.3,2.5x2.5x2.5,7
zge2j51b,2.3,2.3,2.3,2.5x2.5x2.5,7
3jczucqm,2.3,2.3,2.3,2.5x2.5x2.5,7
runjdu0i,2.3,2.3,2.3,2.5x2.5x2.5,7
sb5iqnf7,2.3,2.3,2.3,2.5x2.5x2.5,7
4t60ploz,2.3,2.3,2.3,2.5x2.5x2.5,7
jcns6g29,2.3,2.3,2.3,2.5x2.5x2.5,7
8cqk4lta,2.3,2.3,2.3,2.5x2.5x2.5,7
hukwqvr1,2.3,2.3,2.3,2.5x2.5x2.5,7
h61iaoim,2.3,2.3,2.3,2.5x2.5x2.5,7
458ax40d,2.3,2.3,2.3,2.5x2.5x2.5,7
tirc9zd7,2.3,2.3,2.3,2.5x2.5x2.5,7
6szn9dde,2.3,2.3,2.3,2.5x2.5x2.5,7
3cup8ijl,2.3,2.3,2.3,2.5x2.5x2.5,7
2z0ljch2,2.3,2.3,2.3,2.5x2.5x2.5,7
vffqot8h,2.3,2.3,2.3,2.5x2.5x2.5,7
ljefy3zb,2.3,2.3,2.3,2.5x2.5x2.5,7
4ldimsyj,2.3,2.3,2.3,2.5x2.5x2.5,7
9boq0iq2,2.3,2.3,2.3,2.5x2.5x2.5,7
fa39e3nw,2.3,2.3,2.3,2.5x2.5x2.5,7
xuj3ac6p,2.3,2.3,2.3,2.5x2.5x2.5,7
e63lbqgu,2.3,2.3,2.3,2.5x2.5x2.5,7
3obyghgk,2.3,2.3,2.3,2.5x2.5x2.5,7
5bwikotc,2.3,2.3,2.3,2.5x2.5x2.5,7
keh5sw22,2.3,2.3,2.3,2.5x2.5x2.5,7
92mtr6sn,2.3,2.3,2.3,2.5x2.5x2.5,7
glh62c9t,2.3,2.3,2.3,2.5x2.5x2.5,7
199dxj37,2.3,2.3,2.3,2.5x2.5x2.5,7
c9h42m44,2.3,2.3,2.3,2.5x2.5x2.5,7
gv3z6bz8,2.3,2.3,2.3,2.5x2.5x2.5,7
uug95rlr,2.3,2.3,2.3,2.5x2.5x2.5,7
dihsa7he,2.3,2.3,2.3,2.5x2.5x2.5,7
z74lav71,2.3,2.3,2.3,2.5x2.5x2.5,7
448n7odk,2.3,2.3,2.3,2.5x2.5x2.5,7
ef828xg8,2.3,2.3,2.3,2.5x2.5x2.5,7
y72ivgly,2.3,2.3,2.3,2.5x2.5x2.5,7
e088o98b,2.3,2.3,2.3,2.5x2.5x2.5,7
v78hu7f0,2.3,2.3,2.3,2.5x2.5x2.5,7
i9g5dzx5,2.3,2.3,2.3,2.5x2.5x2.5,7
qjicjdan,2.3,2.3,2.3,2.5x2.5x2.5,7
085rntdr,2.3,2.3,2.3,2.5x2.5x2.5,7
5xyfc4kl,2.3,2.3,2.3,2.5x2.5x2.5,7
8cgn0t6d,2.3,2.3,2.3,2.5x2.5x2.5,7
vwrb7f6f,2.3,2.3,2.3,2.5x2.5x2.5,7
dhgzz0jk,2.3,2.3,2.3,2.5x2.5x2.5,7
ibu4fmpk,2.3,2.3,2.3,2.5x2.5x2.5,7
xvhagkc4,2.3,2.3,2.3,2.5x2.5x2.5,7
lorxdtg5,2.3,2.3,2.3,2.5x2.5x2.5,7
nqjqijc1,2.3,2.3,2.3,2.5x2.5x2.5,7
ydmt8vt4,2.3,2.3,2.3,2.5x2.5x2.5,7
3pt5r5rc,2.3,2.3,2.3,2.5x2.5x2.5,7
6zs62ywe,2.3,2.3,2.3,2.5x2.5x2.5,7
1g983ep9,2.3,2.3,2.3,2.5x2.5x2.5,7
p9w4j66c,2.3,2.3,2.3,2.5x2.5x2.5,7
noljq52w,2.3,2.3,2.3,2.5x2.5x2.5,7
spofv177,2.3,2.3,2.3,2.5x2.5x2.5,7
udktmonr,2.3,2.3,2.3,2.5x2.5x2.5,7
vbjfvyb6,2.3,2.3,2.3,2.5x2.5x2.5,7
li076a3k,2.3,2.3,2.3,2.5x2.5x2.5,7
krzd5e9p,2.3,2.3,2.3,2.5x2.5x2.5,7
3jpxgh30,2.3,2.3,2.3,2.5x2.5x2.5,7
153sflse,2.3,2.3,2.3,2.5x2.5x2.5,7
45bg34iq,2.3,2.3,2.3,2.5x2.5x2.5,7
7zj3sweb,2.3,2.3,2.3,2.5x2.5x2.5,7
nvg5vmf6,2.3,2.3,2.3,2.5x2.5x2.5,7
0yknfu84,2.3,2.3,2.3,2.5x2.5x2.5,7
xyjoa21a,2.3,2.3,2.3,2.5x2.5x2.5,7
6xvaj2k8,2.3,2.3,2.3,2.5x2.5x2.5,7
xpnmjqy3,2.3,2.3,2.3,2.5x2.5x2.5,7
odsx4nxv,2.3,2.3,2.3,2.5x2.5x2.5,7
kdc9x5jz,2.3,2.3,2.3,2.5x2.5x2.5,7
6kf1622v,2.3,2.3,2.3,2.5x2.5x2.5,7
xyzx9jpn,2.3,2.3,2.3,2.5x2.5x2.5,7
bzug0it2,2.3,2.3,2.3,2.5x2.5x2.5,7
6ys445gd,2.3,2.3,2.3,2.5x2.5x2.5,7
ej31gymd,2.3,2.3,2.3,2.5x2.5x2.5,7
m0l2ljk4,2.3,2.3,2.3,2.5x2.5x2.5,7
q5v7c6s5,2.3,2.3,2.3,2.5x2.5x2.5,7
nkb4ehou,2.3,2.3,2.3,2.5x2.5x2.5,7
6qlz2rwg,2.3,2.3,2.3,2.5x2.5x2.5,7
waj1g1r1,2.3,2.3,2.3,2.5x2.5x2.5,7
dwwo8nbh,2.3,2.3,2.3,2.5x2.5x2.5,7
nal3gywi,2.3,2.3,2.3,2.5x2.5x2.5,7
ymenvg3k,2.3,2.3,2.3,2.5x2.5x2.5,7
k0vm59m6,2.3,2.3,2.3,2.5x2.5x2.5,7
mg87oi0e,2.3,2.3,2.3,2.5x2.5x2.5,7
0vgnxb5j,2.3,2.3,2.3,2.5x2.5x2.5,7
tb9xxayp,2.3,2.3,2.3,2.5x2.5x2.5,7
ntrfzwkx,2.3,2.3,2.3,2.5x2.5x2.5,7
xjve3dze,2.3,2.3,2.3,2.5x2.5x2.5,7
edhhjshz,2.3,2.3,2.3,2.5x2.5x2.5,7
kbrh7lay,2.3,2.3,2.3,2.5x2.5x2.5,7
64yfds0d,2.3,2.3,2.3,2.5x2.5x2.5,7
ji9kqdgb,2.3,2.3,2.3,2.5x2.5x2.5,7
k2l0d1b4,2.3,2.3,2.3,2.5x2.5x2.5,7
xgmpw5d3,2.3,2.3,2.3,2.5x2.5x2.5,7
go8jn42x,2.3,2.3,2.3,2.5x2.5x2.5,7
2ezc7fov,2.3,2.3,2.3,2.5x2.5x2.5,7
2ygnmby4,2.3,2.3,2.3,2.5x2.5x2.5,7
9e7eobjl,2.3,2.3,2.3,2.5x2.5x2.5,7
zy1uu9ym,2.3,2.3,2.3,2.5x2.5x2.5,7
szdximyn,2.3,2.3,2.3,2.5x2.5x2.5,7
4u9bxf44,2.3,2.3,2.3,2.5x2.5x2.5,7
5cri8bix,2.3,2.3,2.3,2.5x2.5x2.5,7
oiq2q4qe,2.3,2.3,2.3,2.5x2.5x2.5,7
rxdouadv,2.3,2.3,2.3,2.5x2.5x2.5,7
ei3zrrhf,2.46,2.46,2.46,2.5x2.5x2.5,7
4abufwbu,2.46,2.46,2.46,2.5x2.5x2.5,7
cjg8vuaz,2.46,2.46,2.46,2.5x2.5x2.5,7
xkdq95g3,2.46,2.46,2.46,2.5x2.5x2.5,7
v23gxj0m,2.46,2.46,2.46,2.5x2.5x2.5,7
qvindh4s,2.46,2.46,2.46,2.5x2.5x2.5,7
pfdrwb2s,2.46,2.46,2.46,2.5x2.5x2.5,7
erev361x,2.46,2.46,2.46,2.5x2.5x2.5,7
snbti22n,2.46,2.46,2.46,2.5x2.5x2.5,7
v01zderi,2.46,2.46,2.46,2.5x2.5x2.5,7
4k5ogz2u,2.46,2.46,2.46,2.5x2.5x2.5,7
eaxylnfx,2.46,2.46,2.46,2.5x2.5x2.5,7
j4pnjy1o,2.46,2.46,2.46,2.5x2.5x2.5,7
2rntjlmz,2.46,2.46,2.46,2.5x2.5x2.5,7
04x0qzfh,2.46,2.46,2.46,2.5x2.5x2.5,7
omtzzf8a,2.46,2.46,2.46,2.5x2.5x2.5,7
df7pchcb,2.46,2.46,2.46,2.5x2.5x2.5,7
n9wszv83,2.46,2.46,2.46,2.5x2.5x2.5,7
xphx2kbv,2.46,2.46,2.46,2.5x2.5x2.5,7
sigbiaf9,2.46,2.46,2.46,2.5x2.5x2.5,7
2movs0cd,2.46,2.46,2.46,2.5x2.5x2.5,7
k36m8jvh,2.46,2.46,2.46,2.5x2.5x2.5,7
7ujodck8,2.46,2.46,2.46,2.5x2.5x2.5,7
2853uy8u,2.46,2.46,2.46,2.5x2.5x2.5,7
118qqvae,2.46,2.46,2.46,2.5x2.5x2.5,7
cw9yil8s,2.46,2.46,2.46,2.5x2.5x2.5,7
a3idy3c7,2.46,2.46,2.46,2.5x2.5x2.5,7
rm6j8y6r,2.46,2.46,2.46,2.5x2.5x2.5,7
h05hhiwf,2.46,2.46,2.46,2.5x2.5x2.5,7
d7yxw1tb,2.46,2.46,2.46,2.5x2.5x2.5,7
rwr965r9,2.46,2.46,2.46,2.5x2.5x2.5,7
6khub2rt,2.46,2.46,2.46,2.5x2.5x2.5,7
soyg9zqy,2.46,2.46,2.46,2.5x2.5x2.5,7
ahulwjti,2.46,2.46,2.46,2.5x2.5x2.5,7
qwnrhzn4,2.46,2.46,2.46,2.5x2.5x2.5,7
kgeuidji,2.46,2.46,2.46,2.5x2.5x2.5,7
pnf8f3gr,2.46,2.46,2.46,2.5x2.5x2.5,7
94sz2kuu,2.46,2.46,2.46,2.5x2.5x2.5,7
oyc3rwqm,2.46,2.46,2.46,2.5x2.5x2.5,7
mu7jae58,2.46,2.46,2.46,2.5x2.5x2.5,7
huxg2myr,2.46,2.46,2.46,2.5x2.5x2.5,7
06nkwfg3,2.46,2.46,2.46,2.5x2.5x2.5,7
mwu4cfil,2.46,2.46,2.46,2.5x2.5x2.5,7
kjxjq5nv,2.46,2.46,2.46,2.5x2.5x2.5,7
8oga0x7z,2.46,2.46,2.46,2.5x2.5x2.5,7
cgdc5tao,2.46,2.46,2.46,2.5x2.5x2.5,7
1cjfx5li,2.46,2.46,2.46,2.5x2.5x2.5,7
kwe4bx4l,2.46,2.46,2.46,2.5x2.5x2.5,7
r9tjq8zg,2.46,2.46,2.46,2.5x2.5x2.5,7
vwwusxlm,2.46,2.46,2.46,2.5x2.5x2.5,7
t2pnjka3,2.46,2.46,2.46,2.5x2.5x2.5,7
4mqa78ra,2.46,2.46,2.46,2.5x2.5x2.5,7
pkianouo,2.46,2.46,2.46,2.5x2.5x2.5,7
f0onjpi1,2.46,2.46,2.46,2.5x2.5x2.5,7
63yk03o4,2.46,2.46,2.46,2.5x2.5x2.5,7
gkwwjwga,2.46,2.46,2.46,2.5x2.5x2.5,7
btgdjz0i,2.46,2.46,2.46,2.5x2.5x2.5,7
frml29q2,2.46,2.46,2.46,2.5x2.5x2.5,7
l48c1cqg,2.46,2.46,2.46,2.5x2.5x2.5,7
433e1i1p,2.46,2.46,2.46,2.5x2.5x2.5,7
0bq1s9ry,2.46,2.46,2.46,2.5x2.5x2.5,7
llwb7sjw,2.46,2.46,2.46,2.5x2.5x2.5,7
h55hewlg,2.46,2.46,2.46,2.5x2.5x2.5,7
je2ab2rv,2.46,2.46,2.46,2.5x2.5x2.5,7
ndfdw79w,2.46,2.46,2.46,2.5x2.5x2.5,7
cxz2ei92,2.46,2.46,2.46,2.5x2.5x2.5,7
12pgyme6,2.46,2.46,2.46,2.5x2.5x2.5,7
rpkzggm0,2.46,2.46,2.46,2.5x2.5x2.5,7
j36tcfkj,2.46,2.46,2.46,2.5x2.5x2.5,7
nawnga41,2.46,2.46,2.46,2.5x2.5x2.5,7
izxtnsrt,2.46,2.46,2.46,2.5x2.5x2.5,7
wlxdsc4e,2.46,2.46,2.46,2.5x2.5x2.5,7
5hrdu4xs,2.46,2.46,2.46,2.5x2.5x2.5,7
zjnvc7hr,2.46,2.46,2.46,2.5x2.5x2.5,7
6c2cu7on,2.46,2.46,2.46,2.5x2.5x2.5,7
z3jbck88,2.46,2.46,2.46,2.5x2.5x2.5,7
d0tgsiwg,2.46,2.46,2.46,2.5x2.5x2.5,7
0odwmqx5,2.46,2.46,2.46,2.5x2.5x2.5,7
ggomf9pm,2.46,2.46,2.46,2.5x2.5x2.5,7
l9ln1p0v,2.46,2.46,2.46,2.5x2.5x2.5,7
uh17j8qo,2.46,2.46,2.46,2.5x2.5x2.5,7
09vs9kkh,2.46,2.46,2.46,2.5x2.5x2.5,7
4a3yjtu7,2.46,2.46,2.46,2.5x2.5x2.5,7
fbmenui3,2.46,2.46,2.46,2.5x2.5x2.5,7
do7002g3,2.46,2.46,2.46,2.5x2.5x2.5,7
yu6vk0uc,2.46,2.46,2.46,2.5x2.5x2.5,7
c1m3o55i,2.46,2.46,2.46,2.5x2.5x2.5,7
xva1nkbt,2.46,2.46,2.46,2.5x2.5x2.5,7
fshb0oqv,2.46,2.46,2.46,2.5x2.5x2.5,7
shkoecub,2.46,2.46,2.46,2.5x2.5x2.5,7
ods1eeur,2.46,2.46,2.46,2.5x2.5x2.5,7
xhw0ic1l,2.46,2.46,2.46,2.5x2.5x2.5,7
7dypmlva,2.46,2.46,2.46,2.5x2.5x2.5,7
k9w9pfb3,2.46,2.46,2.46,2.5x2.5x2.5,7
hn14eb87,2.46,2.46,2.46,2.5x2.5x2.5,7
53ayeqah,2.46,2.46,2.46,2.5x2.5x2.5,7
thsjr0fz,2.46,2.46,2.46,2.5x2.5x2.5,7
auxbgk2w,2.46,2.46,2.46,2.5x2.5x2.5,7
bxanj4x5,2.46,2.46,2.46,2.5x2.5x2.5,7
a5xin9dl,2.46,2.46,2.46,2.5x2.5x2.5,7
5tgsq7ai,2.46,2.46,2.46,2.5x2.5x2.5,7
tmofmmwi,2.46,2.46,2.46,2.5x2.5x2.5,7
9s3w563b,2.46,2.46,2.46,2.5x2.5x2.5,7
tkf6xdn8,2.46,2.46,2.46,2.5x2.5x2.5,7
wwiif86l,2.46,2.46,2.46,2.5x2.5x2.5,7
thet25lz,2.46,2.46,2.46,2.5x2.5x2.5,7
se99f77l,2.46,2.46,2.46,2.5x2.5x2.5,7
u8el5015,2.46,2.46,2.46,2.5x2.5x2.5,7
oop767j2,2.46,2.46,2.46,2.5x2.5x2.5,7
dg1wjuii,2.46,2.46,2.46,2.5x2.5x2.5,7
ymyrsvzn,2.46,2.46,2.46,2.5x2.5x2.5,7
4regb1aj,2.46,2.46,2.46,2.5x2.5x2.5,7
o091c795,2.46,2.46,2.46,2.5x2.5x2.5,7
rlqiob0n,2.46,2.46,2.46,2.5x2.5x2.5,7
lw0vs52s,2.46,2.46,2.46,2.5x2.5x2.5,7
q3b9so0u,2.46,2.46,2.46,2.5x2.5x2.5,7
swbkok3q,2.46,2.46,2.46,2.5x2.5x2.5,7
pwbsf3q0,2.46,2.46,2.46,2.5x2.5x2.5,7
e27zeoqg,2.46,2.46,2.46,2.5x2.5x2.5,7
vzhqjy62,2.46,2.46,2.46,2.5x2.5x2.5,7
zeeqnsn2,2.46,2.46,2.46,2.5x2.5x2.5,7
s8nn16ux,2.46,2.46,2.46,2.5x2.5x2.5,7
f5gzpl1q,2.46,2.46,2.46,2.5x2.5x2.5,7
weehwjq4,2.46,2.46,2.46,2.5x2.5x2.5,7
ta5ivroc,2.46,2.46,2.46,2.5x2.5x2.5,7
vitwu3bf,2.46,2.46,2.46,2.5x2.5x2.5,7
xb4y4k7b,2.46,2.46,2.46,2.5x2.5x2.5,7
pgyvyv2g,2.46,2.46,2.46,2.5x2.5x2.5,7
qu7dknnc,2.46,2.46,2.46,2.5x2.5x2.5,7
ptkezjss,2.46,2.46,2.46,2.5x2.5x2.5,7
zwd0w9ry,2.46,2.46,2.46,2.5x2.5x2.5,7
79kvls9m,2.46,2.46,2.46,2.5x2.5x2.5,7
euswrgvz,2.46,2.46,2.46,2.5x2.5x2.5,7
9aawe429,2.46,2.46,2.46,2.5x2.5x2.5,7
omuwahk2,2.46,2.46,2.46,2.5x2.5x2.5,7
lslaym0w,2.46,2.46,2.46,2.5x2.5x2.5,7
bglmy62x,2.46,2.46,2.46,2.5x2.5x2.5,7
rw6tm2o0,2.46,2.46,2.46,2.5x2.5x2.5,7
4k0lthy2,2.46,2.46,2.46,2.5x2.5x2.5,7
5m8kb9w4,2.46,2.46,2.46,2.5x2.5x2.5,7
uov51zlb,2.46,2.46,2.46,2.5x2.5x2.5,7
oriq8hke,2.46,2.46,2.46,2.5x2.5x2.5,7
226parsg,2.46,2.46,2.46,2.5x2.5x2.5,7
70s1f537,2.46,2.46,2.46,2.5x2.5x2.5,7
ye0qzsa7,2.46,2.46,2.46,2.5x2.5x2.5,7
yvdqbsxl,2.46,2.46,2.46,2.5x2.5x2.5,7
ul6lgjlp,2.46,2.46,2.46,2.5x2.5x2.5,7
efjawshm,2.46,2.46,2.46,2.5x2.5x2.5,7
lfzkicwm,2.46,2.46,2.46,2.5x2.5x2.5,7
peqydbpg,2.46,2.46,2.46,2.5x2.5x2.5,7
vv4zwl3z,2.46,2.46,2.46,2.5x2.5x2.5,7
yt91qe37,2.46,2.46,2.46,2.5x2.5x2.5,7
qqyzqii4,2.46,2.46,2.46,2.5x2.5x2.5,7
w6ozx25q,2.46,2.46,2.46,2.5x2.5x2.5,7
brmqg1ve,2.46,2.46,2.46,2.5x2.5x2.5,7
d32lx2to,2.46,2.46,2.46,2.5x2.5x2.5,7
owt9nm3v,2.46,2.46,2.46,2.5x2.5x2.5,7
2p2tixc7,2.46,2.46,2.46,2.5x2.5x2.5,7
urvqt3g8,2.46,2.46,2.46,2.5x2.5x2.5,7
cd31nrxd,2.46,2.46,2.46,2.5x2.5x2.5,7
356wafft,2.46,2.46,2.46,2.5x2.5x2.5,7
ouhylu6k,2.46,2.46,2.46,2.5x2.5x2.5,7
7p9mda9o,2.46,2.46,2.46,2.5x2.5x2.5,7
ekntbz3m,2.46,2.46,2.46,2.5x2.5x2.5,7
55izolnn,2.46,2.46,2.46,2.5x2.5x2.5,7
txrgn74f,2.46,2.46,2.46,2.5x2.5x2.5,7
9yecazrp,2.46,2.46,2.46,2.5x2.5x2.5,7
9dxoq2vp,2.46,2.46,2.46,2.5x2.5x2.5,7
gstqmgvu,2.46,2.46,2.46,2.5x2.5x2.5,7
4isotn9u,2.46,2.46,2.46,2.5x2.5x2.5,7
zeryf099,2.46,2.46,2.46,2.5x2.5x2.5,7
2qc6dr08,2.46,2.46,2.46,2.5x2.5x2.5,7
cw2lbm2q,2.46,2.46,2.46,2.5x2.5x2.5,7
sq0p82kb,2.46,2.46,2.46,2.5x2.5x2.5,7
700ucrgb,2.46,2.46,2.46,2.5x2.5x2.5,7
93wkcs4k,2.46,2.46,2.46,2.5x2.5x2.5,7
ek4aegvf,2.46,2.46,2.46,2.5x2.5x2.5,7
q3jzr25m,2.46,2.46,2.46,2.5x2.5x2.5,7
df7fr91i,2.46,2.46,2.46,2.5x2.5x2.5,7
pwh0mx1e,2.46,2.46,2.46,2.5x2.5x2.5,7
gok01tnz,2.46,2.46,2.46,2.5x2.5x2.5,7
rf5a7qy8,2.46,2.46,2.46,2.5x2.5x2.5,7
yb7w8p74,2.46,2.46,2.46,2.5x2.5x2.5,7
mjdxo100,2.46,2.46,2.46,2.5x2.5x2.5,7
vhmygty3,2.46,2.46,2.46,2.5x2.5x2.5,7
addqhkga,2.46,2.46,2.46,2.5x2.5x2.5,7
d7x48wze,2.46,2.46,2.46,2.5x2.5x2.5,7
4ex6u86z,2.46,2.46,2.46,2.5x2.5x2.5,7
jq7w7jp6,2.46,2.46,2.46,2.5x2.5x2.5,7
1lfc1nlc,2.46,2.46,2.46,2.5x2.5x2.5,7
8jpr7vgr,2.46,2.46,2.46,2.5x2.5x2.5,7
f1hx6zdc,2.46,2.46,2.46,2.5x2.5x2.5,7
ujq6fx7x,2.46,2.46,2.46,2.5x2.5x2.5,7
jz6us7rp,2.46,2.46,2.46,2.5x2.5x2.5,7
422ta83r,2.46,2.46,2.46,2.5x2.5x2.5,7
t8cq1xgb,3.78,3.78,3.89,4.0x4.0x4.0,13
ngz6wmdw,3.86,3.86,3.89,4.0x4.0x4.0,13
0fgzvrct,3.89,3.9,3.89,4.0x4.0x4.0,13
lt4q9bc2,3.81,3.8,3.87,4.0x4.0x4.0,13
be3yqy5f,3.89,3.89,3.9,4.0x4.0x4.0,13
u7bfxq7b,3.87,3.88,3.89,4.0x4.0x4.0,13
zegbl2qg,3.89,3.89,3.9,4.0x4.0x4.0,13
v3dr2h2p,3.89,3.87,3.88,4.0x4.0x4.0,13
39yl9ue4,3.8,3.8,3.9,4.0x4.0x4.0,13
21vmefoz,3.75,3.74,3.87,4.0x3.5x4.0,12
tp7bd4w1,3.83,3.83,3.89,4.0x4.0x4.0,13
aragdx5o,3.89,3.89,3.89,4.0x4.0x4.0,13
31yhxso7,3.84,3.8,3.82,4.0x4.0x4.0,13
vbgr8w2m,3.87,3.86,3.88,4.0x4.0x4.0,13
aietdn1t,3.87,3.86,3.89,4.0x4.0x4.0,13
h1xjg2y8,3.89,3.87,3.88,4.0x4.0x4.0,13
rgybxkpm,3.84,3.83,3.88,4.0x4.0x4.0,13
21b07g2r,3.89,3.89,3.9,4.0x4.0x4.0,13
e6zvlhyl,3.85,3.85,3.87,4.0x4.0x4.0,13
2ld05nhq,3.9,3.86,3.87,4.0x4.0x4.0,13
r6f7qnez,3.88,3.89,3.88,4.0x4.0x4.0,13
w9heyce4,3.89,3.89,3.89,4.0x4.0x4.0,13
qgm5v2ww,3.89,3.89,3.89,4.0x4.0x4.0,13
g84d4r9v,3.84,3.85,3.89,4.0x4.0x4.0,13
4k00ilu6,3.75,3.8,3.83,4.0x4.0x4.0,13
vfua9bq1,3.86,3.87,3.88,4.0x4.0x4.0,13
btr23qiu,3.89,3.89,3.9,4.0x4.0x4.0,13
a08ekxdr,3.9,3.9,3.9,4.0x4.0x4.0,13
kz40aq15,3.88,3.89,3.88,4.0x4.0x4.0,13
o2nqw4c6,3.89,3.89,3.9,4.0x4.0x4.0,13
lbpj8t22,3.88,3.88,3.9,4.0x4.0x4.0,13
c50b8y5d,3.89,3.89,3.9,4.0x4.0x4.0,13
nwnguczh,3.89,3.87,3.88,4.0x4.0x4.0,13
9ier7u8h,3.77,3.79,3.88,4.0x4.0x4.0,13
0imjyjcm,3.89,3.89,3.89,4.0x4.0x4.0,13
rsezytkw,3.88,3.88,3.9,4.0x4.0x4.0,13
2837c6qc,3.86,3.89,3.87,4.0x4.0x4.0,13
6k8djzr5,3.78,3.79,3.89,4.0x4.0x4.0,13
swk8temp,3.86,3.88,3.87,4.0x4.0x4.0,13
xkc5i8xo,3.88,3.88,3.89,4.0x4.0x4.0,13
mxlvz4qk,3.86,3.86,3.9,4.0x4.0x4.0,13
e2gjr81b,3.9,3.9,3.9,4.0x4.0x4.0,13
mqf7zk94,3.88,3.88,3.9,4.0x4.0x4.0,13
yxfiblej,3.87,3.85,3.88,4.0x4.0x4.0,13
gublmntf,3.9,3.89,3.89,4.0x4.0x4.0,13
k7orfqla,3.83,3.83,3.9,4.0x4.0x4.0,13
09lzrk79,3.88,3.88,3.88,4.0x4.0x4.0,13
ufu6py06,3.89,3.89,3.89,4.0x4.0x4.0,13
ftlo4qdb,3.88,3.88,3.9,4.0x4.0x4.0,13
xvh7katq,3.86,3.87,3.89,4.0x4.0x4.0,13
ydshlv76,3.86,3.88,3.86,4.0x4.0x4.0,13
mf4nnkm9,3.89,3.89,3.9,4.0x4.0x4.0,13
5d0p92k3,3.89,3.88,3.89,4.0x4.0x4.0,13
8p6fvdhr,3.9,3.89,3.89,4.0x4.0x4.0,13
59c81do6,3.89,3.89,3.9,4.0x4.0x4.0,13
ouz1egnt,3.88,3.88,3.9,4.0x4.0x4.0,13
b34kuqaa,3.9,3.89,3.9,4.0x4.0x4.0,13
j84rx6pr,3.9,3.9,3.9,4.0x4.0x4.0,13
yiej9c0u,3.88,3.88,3.9,4.0x4.0x4.0,13
u5wryesu,3.86,3.86,3.9,4.0x4.0x4.0,13
4fcl5efj,3.88,3.9,3.89,4.0x4.0x4.0,13
p6mkt7s1,3.89,3.89,3.9,4.0x4.0x4.0,13
gd1t53yk,3.89,3.89,3.9,4.0x4.0x4.0,13
yydu3asn,3.88,3.89,3.88,4.0x4.0x4.0,13
rm6dfhg6,3.88,3.88,3.9,4.0x4.0x4.0,13
w3stt1eq,3.89,3.89,3.89,4.0x4.0x4.0,13
c37rln36,3.89,3.89,3.89,4.0x4.0x4.0,13
v1mzb3i4,3.86,3.85,3.88,4.0x4.0x4.0,13
fieecy2c,3.88,3.87,3.89,4.0x4.0x4.0,13
11bd2sce,3.89,3.89,3.89,4.0x4.0x4.0,13
jcy127h6,3.83,3.84,3.88,4.0x4.0x4.0,13
gmd478mf,3.87,3.87,3.89,4.0x4.0x4.0,13
s0iuduah,3.9,3.88,3.88,4.0x4.0x4.0,13
gk6t9dhs,3.88,3.84,3.86,4.0x4.0x4.0,13
znvp8gmn,3.86,3.86,3.89,4.0x4.0x4.0,13
hie9ede1,3.9,3.9,3.9,4.0x4.0x4.0,13
zublekvl,3.89,3.89,3.89,4.0x4.0x4.0,13
9ptk4gc4,3.89,3.86,3.86,4.0x4.0x4.0,13
ryg9rdpx,3.88,3.88,3.89,4.0x4.0x4.0,13
dfovd79c,3.87,3.87,3.9,4.0x4.0x4.0,13
9mv9e40k,3.89,3.89,3.9,4.0x4.0x4.0,13
zuj2xorv,3.89,3.88,3.89,4.0x4.0x4.0,13
ork1djrw,3.8,3.82,3.89,4.0x4.0x4.0,13
edbcy8ny,3.88,3.86,3.88,4.0x4.0x4.0,13
fwdc112h,3.88,3.87,3.87,4.0x4.0x4.0,13
xrjm4t8b,3.71,3.7,3.85,3.5x3.5x4.0,11
p6nlnqbu,3.89,3.87,3.88,4.0x4.0x4.0,13
4kzrezrd,3.89,3.89,3.9,4.0x4.0x4.0,13
yxyur4so,3.88,3.88,3.9,4.0x4.0x4.0,13
r8wm9lbb,3.9,3.9,3.9,4.0x4.0x4.0,13
4m0a6mdm,3.84,3.86,3.88,4.0x4.0x4.0,13
mmxixv6c,3.89,3.89,3.9,4.0x4.0x4.0,13
kmalq5u6,3.89,3.89,3.89,4.0x4.0x4.0,13
jzv9nou3,3.86,3.88,3.88,4.0x4.0x4.0,13
dyms1mwn,3.88,3.88,3.88,4.0x4.0x4.0,13
pr424tkb,3.84,3.84,3.89,4.0x4.0x4.0,13
9oi0d4dm,3.9,3.86,3.87,4.0x4.0x4.0,13
c2rh2xk2,3.89,3.89,3.89,4.0x4.0x4.0,13
pthowq1g,3.88,3.88,3.9,4.0x4.0x4.0,13
az5uh80q,3.89,3.89,3.89,4.0x4.0x4.0,13
7tw1puws,3.85,3.85,3.89,4.0x4.0x4.0,13
nffykpl3,3.84,3.8,3.85,4.0x4.0x4.0,13
cho3xjvo,3.83,3.82,3.89,4.0x4.0x4.0,13
egi3qupx,3.89,3.9,3.9,4.0x4.0x4.0,13
bfej2xg4,3.77,3.76,3.89,4.0x4.0x4.0,13
8ra4dv56,3.88,3.88,3.89,4.0x4.0x4.0,13
onxd70fe,3.9,3.88,3.89,4.0x4.0x4.0,13
07s387j5,3.88,3.87,3.9,4.0x4.0x4.0,13
ie3lvo0i,3.87,3.89,3.88,4.0x4.0x4.0,13
pfg8pjvr,3.85,3.85,3.89,4.0x4.0x4.0,13
n8lpy857,3.87,3.88,3.9,4.0x4.0x4.0,13
nz3a8v4x,3.88,3.88,3.89,4.0x4.0x4.0,13
7y2itl8n,3.88,3.88,3.9,4.0x4.0x4.0,13
3e54n6o9,3.89,3.89,3.9,4.0x4.0x4.0,13
jd3ih66w,3.89,3.9,3.89,4.0x4.0x4.0,13
51ob537q,3.84,3.84,3.9,4.0x4.0x4.0,13
o4z533zs,3.89,3.87,3.88,4.0x4.0x4.0,13
mv30qabx,3.84,3.83,3.88,4.0x4.0x4.0,13
w2eowlcf,3.88,3.86,3.87,4.0x4.0x4.0,13
s8314y2l,3.9,3.9,3.9,4.0x4.0x4.0,13
r0jy32ho,3.69,3.69,3.9,3.5x3.5x4.0,11
g585i87x,3.86,3.85,3.89,4.0x4.0x4.0,13
w69hzgop,3.88,3.88,3.9,4.0x4.0x4.0,13
jdn8ezp7,3.89,3.89,3.9,4.0x4.0x4.0,13
qyezg52k,3.86,3.89,3.87,4.0x4.0x4.0,13
re4v9kyp,3.89,3.89,3.9,4.0x4.0x4.0,13
ofkjw6ny,3.88,3.88,3.89,4.0x4.0x4.0,13
qaelyyzz,3.89,3.89,3.9,4.0x4.0x4.0,13
0jdcli69,3.88,3.88,3.9,4.0x4.0x4.0,13
78v0bjwk,3.87,3.87,3.9,4.0x4.0x4.0,13
on8uujs7,3.88,3.89,3.89,4.0x4.0x4.0,13
5eltfebe,3.87,3.87,3.89,4.0x4.0x4.0,13
5407k5w1,3.88,3.87,3.89,4.0x4.0x4.0,13
jl6l91f4,3.9,3.89,3.89,4.0x4.0x4.0,13
x2bfibjz,3.9,3.9,3.9,4.0x4.0x4.0,13
p97bmzrr,3.86,3.86,3.9,4.0x4.0x4.0,13
45ed5ggs,3.88,3.87,3.87,4.0x4.0x4.0,13
j6vv8suo,3.88,3.88,3.9,4.0x4.0x4.0,13
c1y5ayyo,3.9,3.9,3.9,4.0x4.0x4.0,13
v84fc3xq,3.88,3.89,3.89,4.0x4.0x4.0,13
8va8x8l0,3.89,3.89,3.9,4.0x4.0x4.0,13
08uhbxlb,3.86,3.87,3.89,4.0x4.0x4.0,13
c8nog85d,3.57,3.62,3.84,3.5x3.5x4.0,11
4f2k1xer,3.86,3.86,3.89,4.0x4.0x4.0,13
p3lyex3s,3.85,3.85,3.9,4.0x4.0x4.0,13
r5rup13w,3.88,3.88,3.9,4.0x4.0x4.0,13
ppbmqiyf,3.88,3.89,3.89,4.0x4.0x4.0,13
rwskp6rf,3.88,3.88,3.9,4.0x4.0x4.0,13
e64skbcb,3.86,3.86,3.89,4.0x4.0x4.0,13
dpdxujjc,3.9,3.86,3.87,4.0x4.0x4.0,13
sexggoc5,3.9,3.9,3.9,4.0x4.0x4.0,13
kvqywj85,3.86,3.88,3.89,4.0x4.0x4.0,13
gg0v5dta,3.88,3.87,3.87,4.0x4.0x4.0,13
egry58vr,3.89,3.88,3.88,4.0x4.0x4.0,13
w9myyoke,3.9,3.9,3.9,4.0x4.0x4.0,13
aea84hxx,3.88,3.87,3.87,4.0x4.0x4.0,13
pw2gkqra,3.9,3.88,3.88,4.0x4.0x4.0,13
ffz8q4vh,3.89,3.88,3.88,4.0x4.0x4.0,13
u4bawz94,3.89,3.89,3.9,4.0x4.0x4.0,13
0vtkrrvw,3.84,3.84,3.9,4.0x4.0x4.0,13
y3rztplc,3.79,3.73,3.84,4.0x3.5x4.0,12
6prr7mza,3.88,3.88,3.9,4.0x4.0x4.0,13
kgmih6mv,3.9,3.89,3.89,4.0x4.0x4.0,13
4xekz83y,3.87,3.88,3.89,4.0x4.0x4.0,13
0224wk0y,3.88,3.88,3.89,4.0x4.0x4.0,13
ehvdo9kh,3.87,3.87,3.89,4.0x4.0x4.0,13
ba5mf36b,3.88,3.87,3.88,4.0x4.0x4.0,13
cpweijmm,3.9,3.9,3.9,4.0x4.0x4.0,13
b5jfysyz,3.88,3.88,3.9,4.0x4.0x4.0,13
7pq4ddv2,3.89,3.88,3.89,4.0x4.0x4.0,13
83bdw56f,3.9,3.9,3.9,4.0x4.0x4.0,13
kps0dxme,3.89,3.89,3.9,4.0x4.0x4.0,13
4po1i3ms,3.85,3.85,3.88,4.0x4.0x4.0,13
dn1mxf1p,3.89,3.89,3.9,4.0x4.0x4.0,13
i2ooq42n,3.9,3.9,3.9,4.0x4.0x4.0,13
bfa37dl9,3.89,3.87,3.87,4.0x4.0x4.0,13
fc1xx6cw,3.89,3.9,3.89,4.0x4.0x4.0,13
zxskoytk,3.88,3.89,3.89,4.0x4.0x4.0,13
06akt7zq,3.88,3.89,3.89,4.0x4.0x4.0,13
ht2xz52o,3.79,3.78,3.89,4.0x4.0x4.0,13
hkbm00e9,3.89,3.89,3.9,4.0x4.0x4.0,13
kdts1fb2,3.89,3.89,3.9,4.0x4.0x4.0,13
vi109dcn,3.89,3.9,3.9,4.0x4.0x4.0,13
wmbxek0q,3.89,3.89,3.88,4.0x4.0x4.0,13
929u6wtv,3.86,3.86,3.89,4.0x4.0x4.0,13
mk2zyzsi,3.86,3.89,3.87,4.0x4.0x4.0,13
lu3ndz3c,3.85,3.85,3.89,4.0x4.0x4.0,13
c5rqnsvs,3.88,3.89,3.88,4.0x4.0x4.0,13
ojrpp7r9,3.87,3.88,3.89,4.0x4.0x4.0,13
3fezez5e,3.89,3.85,3.86,4.0x4.0x4.0,13
hr07n8vo,3.89,3.87,3.88,4.0x4.0x4.0,13
eubfn9kr,3.89,3.9,3.89,4.0x4.0x4.0,13
2fvb66h3,3.86,3.88,3.88,4.0x4.0x4.0,13
rem5puu6,3.89,3.89,3.9,4.0x4.0x4.0,13
2rzv1sqq,3.86,3.86,3.9,4.0x4.0x4.0,13
q5l2xoio,3.79,3.85,3.84,4.0x4.0x4.0,13
t860x5zu,3.89,3.89,3.89,4.0x4.0x4.0,13
2zueugwu,3.88,3.88,3.89,4.0x4.0x4.0,13
bugr6e7g,3.88,3.89,3.89,4.0x4.0x4.0,13
a2iz5p3v,3.9,3.9,3.9,4.0x4.0x4.0,13
ob5apo4l,3.87,3.88,3.85,4.0x4.0x4.0,13
jedgfjdl,3.89,3.89,3.89,4.0x4.0x4.0,13
ogwlacol,3.87,3.87,3.9,4.0x4.0x4.0,13
oln3eh1v,3.83,3.81,3.85,4.0x4.0x4.0,13
r1necqor,3.87,3.86,3.88,4.0x4.0x4.0,13
oi5j8yit,3.89,3.89,3.9,4.0x4.0x4.0,13
2kodwh8n,3.88,3.88,3.9,4.0x4.0x4.0,13
92tp6qaq,3.89,3.88,3.88,4.0x4.0x4.0,13
3k8a7rv4,3.89,3.87,3.88,4.0x4.0x4.0,13
nmwvsb0u,3.9,3.9,3.9,4.0x4.0x4.0,13
koefukpv,3.82,3.73,3.81,4.0x3.5x4.0,12
8lymj1qi,3.88,3.88,3.89,4.0x4.0x4.0,13
9mqvayxa,3.89,3.89,3.89,4.0x4.0x4.0,13
r6yo6z1t,3.89,3.88,3.88,4.0x4.0x4.0,13
2xcb3yym,3.84,3.84,3.9,4.0x4.0x4.0,13
33mg1zaq,3.88,3.88,3.89,4.0x4.0x4.0,13
7qhak7md,3.89,3.88,3.88,4.0x4.0x4.0,13
wkzirnk6,3.88,3.88,3.9,4.0x4.0x4.0,13
zhh3o5ur,3.85,3.85,3.89,4.0x4.0x4.0,13
txuyucec,3.88,3.87,3.89,4.0x4.0x4.0,13
juis2gy9,3.84,3.84,3.89,4.0x4.0x4.0,13
ytjuq7x7,3.89,3.89,3.9,4.0x4.0x4.0,13
b7p9jyqn,3.89,3.88,3.89,4.0x4.0x4.0,13
15ikpqah,3.9,3.9,3.9,4.0x4.0x4.0,13
cua09pci,3.89,3.88,3.88,4.0x4.0x4.0,13
flwdr3vw,3.88,3.88,3.89,4.0x4.0x4.0,13
mjdimbm2,3.87,3.86,3.89,4.0x4.0x4.0,13
71w1wudc,3.89,3.89,3.9,4.0x4.0x4.0,13
bl4ce7pk,3.85,3.88,3.87,4.0x4.0x4.0,13
wcyuknd1,3.84,3.83,3.88,4.0x4.0x4.0,13
ivxan25w,3.71,3.71,3.9,3.5x3.5x4.0,11
m72qlgdv,3.88,3.88,3.89,4.0x4.0x4.0,13
c2guwjp0,3.89,3.89,3.89,4.0x4.0x4.0,13
qi2clp81,3.85,3.87,3.88,4.0x4.0x4.0,13
l51flmna,3.88,3.88,3.89,4.0x4.0x4.0,13
vycs44ph,3.88,3.88,3.9,4.0x4.0x4.0,13
h62myz9v,3.9,3.9,3.9,4.0x4.0x4.0,13
lu8wpfq2,3.89,3.89,3.9,4.0x4.0x4.0,13
bhaiiwi0,3.77,3.87,3.8,4.0x4.0x4.0,13
8l0hg9nc,3.87,3.87,3.89,4.0x4.0x4.0,13
bekgv1bb,3.87,3.88,3.89,4.0x4.0x4.0,13
hg5zmtga,3.88,3.88,3.9,4.0x4.0x4.0,13
46ayn2d7,3.77,3.77,3.9,4.0x4.0x4.0,13
ki3x7995,3.84,3.88,3.86,4.0x4.0x4.0,13
5cf72gnn,3.81,3.8,3.88,4.0x4.0x4.0,13
v9ibwgt2,3.88,3.87,3.89,4.0x4.0x4.0,13
lb25485h,3.9,3.88,3.89,4.0x4.0x4.0,13
cqxcs1xs,3.89,3.89,3.89,4.0x4.0x4.0,13
rqlnzzrj,3.89,3.88,3.88,4.0x4.0x4.0,13
o7vbhh5o,3.86,3.84,3.87,4.0x4.0x4.0,13
l5u7nted,3.88,3.88,3.87,4.0x4.0x4.0,13
qmvqwpqo,3.89,3.89,3.9,4.0x4.0x4.0,13
2lngixmc,3.8,3.79,3.88,4.0x4.0x4.0,13
4sx27dcb,3.89,3.9,3.9,4.0x4.0x4.0,13
om2zkf5b,2.39,2.36,2.36,2.5x2.5x2.5,7
1sa3y5t3,2.39,2.4,2.39,2.5x2.5x2.5,7
7szpf9s9,2.39,2.4,2.39,2.5x2.5x2.5,7
ehwhg0u4,2.39,2.39,2.4,2.5x2.5x2.5,7
3qlx3f2x,2.4,2.4,2.4,2.5x2.5x2.5,7
hdcv4bkt,2.39,2.39,2.4,2.5x2.5x2.5,7
cv1ltwbj,2.37,2.36,2.34,2.5x2.5x2.5,7
9uu2bl7a,2.38,2.37,2.39,2.5x2.5x2.5,7
mkoh109z,2.4,2.39,2.39,2.5x2.5x2.5,7
do0d3fvn,2.37,2.38,2.35,2.5x2.5x2.5,7
v4kfq5dz,2.4,2.39,2.39,2.5x2.5x2.5,7
53x1f8s0,2.39,2.4,2.39,2.5x2.5x2.5,7
x7m2mm4p,2.4,2.36,2.36,2.5x2.5x2.5,7
61nhvcfw,2.37,2.23,2.25,2.5x2.0x2.0,5
r2f5t82d,2.38,2.37,2.39,2.5x2.5x2.5,7
dl7fkndg,2.39,2.38,2.37,2.5x2.5x2.5,7
1jrj5xfe,2.37,2.33,2.36,2.5x2.5x2.5,7
ub4o47en,2.4,2.4,2.4,2.5x2.5x2.5,7
48nysj5y,2.36,2.4,2.36,2.5x2.5x2.5,7
wx0i3a4k,2.38,2.39,2.39,2.5x2.5x2.5,7
focnqdqx,2.39,2.4,2.39,2.5x2.5x2.5,7
6qd0771h,2.4,2.31,2.31,2.5x2.5x2.5,7
ll9rzrkb,2.39,2.33,2.34,2.5x2.5x2.5,7
fqxlbvn7,2.39,2.39,2.39,2.5x2.5x2.5,7
nprb58yj,2.39,2.34,2.34,2.5x2.5x2.5,7
wdcokz5s,2.38,2.39,2.39,2.5x2.5x2.5,7
yj3d6m1f,2.38,2.38,2.39,2.5x2.5x2.5,7
mpryfzmy,2.4,2.37,2.38,2.5x2.5x2.5,7
oa2vcywl,2.4,2.39,2.39,2.5x2.5x2.5,7
9700lfqf,2.36,2.31,2.33,2.5x2.5x2.5,7
5e8osaq3,2.4,2.4,2.4,2.5x2.5x2.5,7
eq8dh9pt,2.39,2.36,2.36,2.5x2.5x2.5,7
fnm88ua3,2.4,2.4,2.4,2.5x2.5x2.5,7
a6s5zxqo,2.39,2.4,2.4,2.5x2.5x2.5,7
mts1egpg,2.39,2.4,2.39,2.5x2.5x2.5,7
vtn4ypkw,2.39,2.37,2.37,2.5x2.5x2.5,7
7493dxwo,2.38,2.38,2.4,2.5x2.5x2.5,7
r17dpubk,2.39,2.4,2.39,2.5x2.5x2.5,7
piqnhqe8,2.39,2.39,2.4,2.5x2.5x2.5,7
6o3z0ani,2.4,2.4,2.4,2.5x2.5x2.5,7
k5j42oi6,2.4,2.38,2.39,2.5x2.5x2.5,7
oafn33vm,2.38,2.37,2.36,2.5x2.5x2.5,7
89i9gx32,2.37,2.38,2.35,2.5x2.5x2.5,7
uew9g6sp,2.34,2.34,2.39,2.5x2.5x2.5,7
d2sw24wj,2.35,2.39,2.36,2.5x2.5x2.5,7
t8hdpwvb,2.37,2.37,2.4,2.5x2.5x2.5,7
z7cn0eqw,2.4,2.4,2.4,2.5x2.5x2.5,7
mi6kti22,2.38,2.36,2.38,2.5x2.5x2.5,7
1xj7wwud,2.39,2.4,2.39,2.5x2.5x2.5,7
qvdk6drn,2.38,2.38,2.4,2.5x2.5x2.5,7
4orac8cy,2.39,2.4,2.39,2.5x2.5x2.5,7
nl63gagu,2.39,2.4,2.39,2.5x2.5x2.5,7
vb99rwtf,2.34,2.35,2.39,2.5x2.5x2.5,7
07gbasf5,2.36,2.34,2.38,2.5x2.5x2.5,7
ehlh07jr,2.36,2.36,2.4,2.5x2.5x2.5,7
8mtk0rso,2.39,2.39,2.4,2.5x2.5x2.5,7
ggy5kov1,2.39,2.39,2.39,2.5x2.5x2.5,7
l28r5p03,2.4,2.34,2.34,2.5x2.5x2.5,7
wvpunwcg,2.39,2.36,2.35,2.5x2.5x2.5,7
bsvk3x8m,2.39,2.39,2.4,2.5x2.5x2.5,7
bgl2mcxn,2.4,2.39,2.4,2.5x2.5x2.5,7
2elalq26,2.4,2.23,2.23,2.5x2.0x2.0,5
unvsdkv5,2.39,2.39,2.39,2.5x2.5x2.5,7
4c6p1llh,2.38,2.14,2.16,2.5x2.0x2.0,5
2r9pegln,2.39,2.33,2.34,2.5x2.5x2.5,7
ukx496k4,2.4,2.4,2.4,2.5x2.5x2.5,7
o67bxcd2,2.4,2.34,2.34,2.5x2.5x2.5,7
0j1oulwo,2.39,2.39,2.39,2.5x2.5x2.5,7
zq48enwb,2.39,2.4,2.39,2.5x2.5x2.5,7
badlypgg,2.4,2.4,2.4,2.5x2.5x2.5,7
6n6975j2,2.39,2.4,2.4,2.5x2.5x2.5,7
d8clw3jg,2.39,2.4,2.4,2.5x2.5x2.5,7
eqe5158o,2.39,2.4,2.39,2.5x2.5x2.5,7
qesux9l0,2.38,2.4,2.38,2.5x2.5x2.5,7
ijkcu5x0,2.38,2.34,2.36,2.5x2.5x2.5,7
hc8cah3g,2.33,2.27,2.33,2.5x2.5x2.5,7
dhvs41lq,2.39,2.33,2.34,2.5x2.5x2.5,7
fs6hn95s,2.4,2.4,2.4,2.5x2.5x2.5,7
2gkfl5xf,2.4,2.38,2.38,2.5x2.5x2.5,7
50i6gbxq,2.4,2.34,2.34,2.5x2.5x2.5,7
j7dpfssb,2.39,2.24,2.24,2.5x2.0x2.0,5
jdx0pkov,2.37,2.39,2.37,2.5x2.5x2.5,7
trpyx8hb,2.39,2.34,2.33,2.5x2.5x2.5,7
bjcdiwzo,2.38,2.34,2.36,2.5x2.5x2.5,7
d05jh2mk,2.39,2.4,2.39,2.5x2.5x2.5,7
v0dszrk6,2.37,2.38,2.39,2.5x2.5x2.5,7
ilcg6far,2.39,2.37,2.38,2.5x2.5x2.5,7
mgjcy4v8,2.38,2.29,2.3,2.5x2.5x2.5,7
urid3u94,2.36,2.25,2.28,2.5x2.0x2.5,6
sgfdk0q0,2.4,2.38,2.38,2.5x2.5x2.5,7
9jrnamz6,2.37,2.33,2.36,2.5x2.5x2.5,7
146vey0a,2.36,2.38,2.34,2.5x2.5x2.5,7
94xfri09,2.4,2.4,2.4,2.5x2.5x2.5,7
m0g8w85y,2.39,2.4,2.39,2.5x2.5x2.5,7
6q8sjy5o,2.4,2.39,2.39,2.5x2.5x2.5,7
p9lbsmwp,2.39,2.21,2.21,2.5x2.0x2.0,5
q82k8ryq,2.39,2.39,2.39,2.5x2.5x2.5,7
f8wxkk2a,2.39,2.36,2.36,2.5x2.5x2.5,7
bkvblpxa,2.39,2.39,2.4,2.5x2.5x2.5,7
jmk4x1fd,2.4,2.4,2.4,2.5x2.5x2.5,7
j9hvchrm,2.37,2.34,2.35,2.5x2.5x2.5,7
3wp8djkl,2.4,2.39,2.39,2.5x2.5x2.5,7
uyluyhet,2.36,2.36,2.4,2.5x2.5x2.5,7
kduwtn5p,2.37,2.39,2.37,2.5x2.5x2.5,7
epl7zqpp,2.4,2.4,2.4,2.5x2.5x2.5,7
oau8p1wk,2.24,2.24,2.39,2.0x2.0x2.5,2
isetuk1o,2.39,2.36,2.36,2.5x2.5x2.5,7
oa35qbb3,2.4,2.4,2.4,2.5x2.5x2.5,7
xmdkrlc0,2.39,2.39,2.4,2.5x2.5x2.5,7
y0bhf0ri,2.39,2.39,2.39,2.5x2.5x2.5,7
y4kl9ary,2.4,2.39,2.39,2.5x2.5x2.5,7
eavedhr3,2.38,2.36,2.37,2.5x2.5x2.5,7
pceo934t,2.39,2.4,2.39,2.5x2.5x2.5,7
3y4wpwg3,2.4,2.4,2.4,2.5x2.5x2.5,7
xg0trky8,2.38,2.39,2.39,2.5x2.5x2.5,7
ryozdppb,2.4,2.39,2.4,2.5x2.5x2.5,7
quakx6wb,2.39,2.37,2.37,2.5x2.5x2.5,7
68q0j9m4,2.39,2.4,2.39,2.5x2.5x2.5,7
smzocxmz,2.4,2.4,2.4,2.5x2.5x2.5,7
mz2k1ko6,2.4,2.4,2.4,2.5x2.5x2.5,7
xnqxu71s,2.39,2.37,2.37,2.5x2.5x2.5,7
el8mwob4,2.4,2.36,2.36,2.5x2.5x2.5,7
fdd7r193,2.39,2.37,2.36,2.5x2.5x2.5,7
0i6g61pc,2.39,2.39,2.38,2.5x2.5x2.5,7
we4c1v47,2.4,2.38,2.37,2.5x2.5x2.5,7
lzn9uhjp,2.39,2.39,2.39,2.5x2.5x2.5,7
khf33guw,2.4,2.4,2.4,2.5x2.5x2.5,7
yh36motc,2.39,2.4,2.39,2.5x2.5x2.5,7
g06xr3ur,2.4,2.36,2.36,2.5x2.5x2.5,7
mwuecpnc,2.4,2.38,2.38,2.5x2.5x2.5,7
c2keivli,1.83,1.75,2.32,2.0x2.0x2.5,2
77jzc58c,2.4,2.4,2.4,2.5x2.5x2.5,7
u47soczd,2.4,2.4,2.4,2.5x2.5x2.5,7
q7jbmjm1,2.39,2.39,2.39,2.5x2.5x2.5,7
ft07x5ic,2.4,2.4,2.4,2.5x2.5x2.5,7
86z1b98v,2.4,2.36,2.36,2.5x2.5x2.5,7
wct8jbbs,2.39,2.38,2.37,2.5x2.5x2.5,7
xpk48ab1,2.39,2.34,2.33,2.5x2.5x2.5,7
3t4y0tb1,2.39,2.4,2.39,2.5x2.5x2.5,7
zppep69n,2.39,2.16,2.16,2.5x2.0x2.0,5
gpcivi05,2.36,2.36,2.4,2.5x2.5x2.5,7
2u9az3ce,2.4,2.39,2.39,2.5x2.5x2.5,7
gbmxikvr,2.4,2.4,2.4,2.5x2.5x2.5,7
ecjtr0m6,2.46,2.46,2.46,2.5x2.5x2.5,7
hz72kxsj,2.46,2.46,2.46,2.5x2.5x2.5,7
zsb6zwkh,2.46,2.46,2.46,2.5x2.5x2.5,7
e9i0hn3f,2.45,2.45,2.46,2.5x2.5x2.5,7
9zxqerbk,2.45,2.45,2.46,2.5x2.5x2.5,7
n3dkvr5n,2.46,2.46,2.46,2.5x2.5x2.5,7
bhgpbktm,2.46,2.46,2.46,2.5x2.5x2.5,7
av6763v1,2.46,2.46,2.46,2.5x2.5x2.5,7
m3pp00cd,2.46,2.46,2.46,2.5x2.5x2.5,7
nzy47quu,2.46,2.46,2.46,2.5x2.5x2.5,7
sfn07ea2,2.46,2.46,2.46,2.5x2.5x2.5,7
8ditmown,2.46,2.46,2.46,2.5x2.5x2.5,7
x23veulj,2.46,2.46,2.46,2.5x2.5x2.5,7
gqpq8r4h,2.45,2.45,2.46,2.5x2.5x2.5,7
c7jvlcg1,2.46,2.46,2.46,2.5x2.5x2.5,7
j5ewfwbe,2.46,2.46,2.46,2.5x2.5x2.5,7
by4ubzcz,2.46,2.46,2.46,2.5x2.5x2.5,7
jjy4mzvm,2.46,2.46,2.46,2.5x2.5x2.5,7
cpsiln3o,2.46,2.46,2.46,2.5x2.5x2.5,7
x5fl2mox,2.46,2.46,2.46,2.5x2.5x2.5,7
q9wfb76a,2.46,2.46,2.46,2.5x2.5x2.5,7
v3s2sumh,2.46,2.46,2.46,2.5x2.5x2.5,7
3b0n9cc7,2.45,2.45,2.46,2.5x2.5x2.5,7
isutp04s,2.46,2.46,2.46,2.5x2.5x2.5,7
brspj4ki,2.46,2.46,2.46,2.5x2.5x2.5,7
i1nq0ei0,2.45,2.45,2.46,2.5x2.5x2.5,7
5nms6xvq,2.46,2.46,2.46,2.5x2.5x2.5,7
pu3et1ov,2.46,2.46,2.46,2.5x2.5x2.5,7
ejklcp9u,2.46,2.46,2.46,2.5x2.5x2.5,7
w165aejt,2.46,2.46,2.46,2.5x2.5x2.5,7
70ebpy9e,2.46,2.46,2.46,2.5x2.5x2.5,7
576mouze,2.46,2.46,2.46,2.5x2.5x2.5,7
66vw9b0m,2.46,2.46,2.46,2.5x2.5x2.5,7
qoq4kreg,2.46,2.46,2.46,2.5x2.5x2.5,7
167d6vnx,2.46,2.46,2.46,2.5x2.5x2.5,7
npsv8dkm,2.46,2.46,2.46,2.5x2.5x2.5,7
u6u4pllg,2.46,2.46,2.46,2.5x2.5x2.5,7
f309hsuw,2.46,2.46,2.46,2.5x2.5x2.5,7
dkejp5k7,2.46,2.46,2.46,2.5x2.5x2.5,7
917xfh41,2.46,2.46,2.46,2.5x2.5x2.5,7
a68t2a3a,2.45,2.45,2.46,2.5x2.5x2.5,7
h7u0s3kd,2.46,2.46,2.46,2.5x2.5x2.5,7
z4ppj590,2.46,2.46,2.46,2.5x2.5x2.5,7
emc20lsj,2.46,2.46,2.46,2.5x2.5x2.5,7
ws1zl7p7,2.46,2.46,2.46,2.5x2.5x2.5,7
2l4x5bwa,2.45,2.45,2.46,2.5x2.5x2.5,7
en7yjf30,2.46,2.46,2.46,2.5x2.5x2.5,7
kh5840ac,2.46,2.46,2.46,2.5x2.5x2.5,7
uhgpjnvw,2.46,2.46,2.46,2.5x2.5x2.5,7
rxgkikr2,2.46,2.46,2.46,2.5x2.5x2.5,7
omrde51k,2.46,2.46,2.46,2.5x2.5x2.5,7
8lxeqlez,2.46,2.46,2.46,2.5x2.5x2.5,7
z1r2roik,2.46,2.46,2.46,2.5x2.5x2.5,7
s62c1jlo,2.46,2.46,2.46,2.5x2.5x2.5,7
po6j0m3l,2.46,2.46,2.46,2.5x2.5x2.5,7
oufhw8wl,2.46,2.46,2.46,2.5x2.5x2.5,7
va02dz61,2.46,2.46,2.46,2.5x2.5x2.5,7
txsnhft4,2.46,2.46,2.46,2.5x2.5x2.5,7
i26lh07b,2.46,2.46,2.46,2.5x2.5x2.5,7
a7dorfki,2.46,2.46,2.46,2.5x2.5x2.5,7
1ije2xe0,2.46,2.46,2.46,2.5x2.5x2.5,7
jdcz1oa3,2.46,2.46,2.46,2.5x2.5x2.5,7
vf02gvll,2.46,2.46,2.46,2.5x2.5x2.5,7
sajhjxqk,2.45,2.45,2.46,2.5x2.5x2.5,7
d8ur6tia,2.46,2.46,2.46,2.5x2.5x2.5,7
rontdi9o,2.46,2.46,2.46,2.5x2.5x2.5,7
inuxl39d,2.46,2.46,2.46,2.5x2.5x2.5,7
g5rifwr0,2.46,2.46,2.46,2.5x2.5x2.5,7
ui1jlmfl,2.45,2.45,2.46,2.5x2.5x2.5,7
uoay12tl,2.46,2.46,2.46,2.5x2.5x2.5,7
xlzs49cd,2.45,2.45,2.46,2.5x2.5x2.5,7
zn1f0fp8,2.45,2.45,2.46,2.5x2.5x2.5,7
bpg2r0to,2.46,2.46,2.46,2.5x2.5x2.5,7
kpk7yswn,2.46,2.46,2.46,2.5x2.5x2.5,7
xfshwzsj,2.46,2.46,2.46,2.5x2.5x2.5,7
q77z4es3,2.46,2.46,2.46,2.5x2.5x2.5,7
aofc9lgy,2.46,2.46,2.46,2.5x2.5x2.5,7
tlcqfmui,2.45,2.45,2.46,2.5x2.5x2.5,7
w7j35vlw,2.46,2.46,2.46,2.5x2.5x2.5,7
ojtxcf0k,2.45,2.45,2.46,2.5x2.5x2.5,7
jd2v1l1v,2.46,2.46,2.46,2.5x2.5x2.5,7
j35yrg29,2.46,2.46,2.46,2.5x2.5x2.5,7
d2ff5l6b,2.45,2.45,2.46,2.5x2.5x2.5,7
spxlseun,2.46,2.46,2.46,2.5x2.5x2.5,7
nrlst548,2.46,2.46,2.46,2.5x2.5x2.5,7
84z4ur2y,2.46,2.46,2.46,2.5x2.5x2.5,7
upmanqy0,2.46,2.46,2.46,2.5x2.5x2.5,7
hu97ng0a,2.45,2.45,2.46,2.5x2.5x2.5,7
psaldnj7,2.46,2.46,2.46,2.5x2.5x2.5,7
vbjrbzjw,2.46,2.46,2.46,2.5x2.5x2.5,7
83579wrr,2.46,2.46,2.46,2.5x2.5x2.5,7
513bb6f0,2.46,2.46,2.46,2.5x2.5x2.5,7
5ep4cwcd,2.45,2.45,2.46,2.5x2.5x2.5,7
t9gwa44l,2.46,2.46,2.46,2.5x2.5x2.5,7
z6v7s7o4,2.46,2.46,2.46,2.5x2.5x2.5,7
yc3s0dpj,2.46,2.46,2.46,2.5x2.5x2.5,7
hsg04ajm,2.46,2.46,2.46,2.5x2.5x2.5,7
muzuqed0,2.46,2.46,2.46,2.5x2.5x2.5,7
gv812hnc,2.46,2.46,2.46,2.5x2.5x2.5,7
0i4x6g1e,2.46,2.46,2.46,2.5x2.5x2.5,7
bzgflig5,2.46,2.46,2.46,2.5x2.5x2.5,7
gkzjrumx,2.46,2.46,2.46,2.5x2.5x2.5,7
qw3b4nth,2.46,2.46,2.46,2.5x2.5x2.5,7
zm32hzs3,2.46,2.46,2.46,2.5x2.5x2.5,7
2d1jqbex,2.46,2.46,2.46,2.5x2.5x2.5,7
gfvnnvbz,2.46,2.46,2.46,2.5x2.5x2.5,7
w5apmxd6,2.46,2.46,2.46,2.5x2.5x2.5,7
lqga3qup,2.46,2.46,2.46,2.5x2.5x2.5,7
o4jnmyk8,2.45,2.45,2.46,2.5x2.5x2.5,7
516sp18o,2.46,2.46,2.46,2.5x2.5x2.5,7
bs7587h9,2.46,2.46,2.46,2.5x2.5x2.5,7
1el88l12,2.46,2.46,2.46,2.5x2.5x2.5,7
qfaf5kci,2.46,2.46,2.46,2.5x2.5x2.5,7
hdiy4nrm,2.45,2.45,2.46,2.5x2.5x2.5,7
qyz6y3z1,2.46,2.46,2.46,2.5x2.5x2.5,7
de1e1630,2.46,2.46,2.46,2.5x2.5x2.5,7
pocr0vhv,2.46,2.46,2.46,2.5x2.5x2.5,7
1nm3v16x,2.45,2.45,2.46,2.5x2.5x2.5,7
eghpmxpk,2.46,2.46,2.46,2.5x2.5x2.5,7
n3b8pfy4,2.46,2.46,2.46,2.5x2.5x2.5,7
qcyd52al,2.46,2.46,2.46,2.5x2.5x2.5,7
unqr8o1k,2.46,2.46,2.46,2.5x2.5x2.5,7
jwv2qnrm,2.46,2.46,2.46,2.5x2.5x2.5,7
tn29tnyf,2.46,2.46,2.46,2.5x2.5x2.5,7
m7vh30qb,2.46,2.46,2.46,2.5x2.5x2.5,7
kern6yjm,2.46,2.46,2.46,2.5x2.5x2.5,7
k3tgmalw,2.46,2.46,2.46,2.5x2.5x2.5,7
vmb0idd0,2.46,2.46,2.46,2.5x2.5x2.5,7
wpj8yi34,2.46,2.46,2.46,2.5x2.5x2.5,7
0sqcnf9w,2.45,2.45,2.46,2.5x2.5x2.5,7
5n9c70pa,2.46,2.46,2.46,2.5x2.5x2.5,7
8jx54peg,2.46,2.46,2.46,2.5x2.5x2.5,7
jks4i2nr,2.46,2.46,2.46,2.5x2.5x2.5,7
1p02jyv6,2.46,2.46,2.46,2.5x2.5x2.5,7
yjoaoejv,2.46,2.46,2.46,2.5x2.5x2.5,7
9lhalckz,2.46,2.46,2.46,2.5x2.5x2.5,7
3vwlo7am,2.46,2.46,2.46,2.5x2.5x2.5,7
mpq0hzyj,2.46,2.46,2.46,2.5x2.5x2.5,7
b48wumh9,2.46,2.46,2.46,2.5x2.5x2.5,7
nklybwgm,2.45,2.45,2.46,2.5x2.5x2.5,7
p9a9uri7,2.46,2.46,2.46,2.5x2.5x2.5,7
ev4dh9ug,2.46,2.46,2.46,2.5x2.5x2.5,7
f10oo1pv,2.46,2.46,2.46,2.5x2.5x2.5,7
lnd581lt,2.46,2.46,2.46,2.5x2.5x2.5,7
o4rq3q7g,2.46,2.46,2.46,2.5x2.5x2.5,7
ktmqg6nx,2.46,2.46,2.46,2.5x2.5x2.5,7
9owwew9v,2.46,2.46,2.46,2.5x2.5x2.5,7
08liuqdn,2.46,2.46,2.46,2.5x2.5x2.5,7
05xt54fn,2.46,2.46,2.46,2.5x2.5x2.5,7
5g77lk6h,2.46,2.46,2.46,2.5x2.5x2.5,7
qiv929se,2.46,2.46,2.46,2.5x2.5x2.5,7
vl7fq8ab,2.46,2.46,2.46,2.5x2.5x2.5,7
y595cpjz,2.46,2.46,2.46,2.5x2.5x2.5,7
e1xtar0k,2.46,2.46,2.46,2.5x2.5x2.5,7
o31nzsxp,2.46,2.46,2.46,2.5x2.5x2.5,7
efj31ego,2.46,2.46,2.46,2.5x2.5x2.5,7
m62hdxc6,2.45,2.45,2.46,2.5x2.5x2.5,7
rijkq2zu,2.46,2.46,2.46,2.5x2.5x2.5,7
v1fkhnnk,2.46,2.46,2.46,2.5x2.5x2.5,7
8fwrpk0z,2.45,2.45,2.46,2.5x2.5x2.5,7
fknwbhkv,2.45,2.45,2.46,2.5x2.5x2.5,7
jz09owgm,2.45,2.45,2.46,2.5x2.5x2.5,7
f4ln5rgs,2.46,2.46,2.46,2.5x2.5x2.5,7
g6a8mlik,2.46,2.46,2.46,2.5x2.5x2.5,7
22xmq664,2.46,2.46,2.46,2.5x2.5x2.5,7
42sihxod,2.46,2.46,2.46,2.5x2.5x2.5,7
lctt058c,2.46,2.46,2.46,2.5x2.5x2.5,7
uij0yxiy,2.45,2.45,2.46,2.5x2.5x2.5,7
qbvtdg3c,2.46,2.46,2.46,2.5x2.5x2.5,7
6scivuqt,2.46,2.46,2.46,2.5x2.5x2.5,7
2lwhedht,2.46,2.46,2.46,2.5x2.5x2.5,7
hruu5e51,2.46,2.46,2.46,2.5x2.5x2.5,7
h3wqa1vr,2.46,2.46,2.46,2.5x2.5x2.5,7
gss8k5ij,2.46,2.46,2.46,2.5x2.5x2.5,7
ulp98rl9,2.46,2.46,2.46,2.5x2.5x2.5,7
qfcpk7pw,2.46,2.46,2.46,2.5x2.5x2.5,7
tg21hslt,2.45,2.45,2.46,2.5x2.5x2.5,7
dkvuff12,2.46,2.46,2.46,2.5x2.5x2.5,7
4vf89x22,2.46,2.46,2.46,2.5x2.5x2.5,7
j7q4kfmm,2.46,2.46,2.46,2.5x2.5x2.5,7
0qpop1o8,2.46,2.46,2.46,2.5x2.5x2.5,7
m291azhz,2.46,2.46,2.46,2.5x2.5x2.5,7
knl2luhh,2.46,2.46,2.46,2.5x2.5x2.5,7
s4dilrzq,2.45,2.45,2.46,2.5x2.5x2.5,7
8bxy6rkv,2.46,2.46,2.46,2.5x2.5x2.5,7
ndxjn7de,2.46,2.46,2.46,2.5x2.5x2.5,7
0l1offkh,2.46,2.46,2.46,2.5x2.5x2.5,7
diu1jtka,2.46,2.46,2.46,2.5x2.5x2.5,7
1c2zl46q,2.46,2.46,2.46,2.5x2.5x2.5,7
5gqqlyzj,2.45,2.45,2.46,2.5x2.5x2.5,7
0aeoorbt,2.46,2.46,2.46,2.5x2.5x2.5,7
6sapbs22,2.46,2.46,2.46,2.5x2.5x2.5,7
ruw0u92t,2.46,2.46,2.46,2.5x2.5x2.5,7
24d7v911,2.46,2.46,2.46,2.5x2.5x2.5,7
pjq50xcx,2.46,2.46,2.46,2.5x2.5x2.5,7
msy3paua,2.46,2.46,2.46,2.5x2.5x2.5,7
3aipjiyl,2.45,2.45,2.46,2.5x2.5x2.5,7
qx1um55f,2.46,2.46,2.46,2.5x2.5x2.5,7
1hgav42t,2.46,2.46,2.46,2.5x2.5x2.5,7
8llihkpj,2.46,2.46,2.46,2.5x2.5x2.5,7
7hme6p4n,2.46,2.46,2.46,2.5x2.5x2.5,7
p00nqohn,2.45,2.45,2.46,2.5x2.5x2.5,7
3dg60e1e,2.45,2.45,2.46,2.5x2.5x2.5,7
rv0lg92m,2.46,2.46,2.46,2.5x2.5x2.5,7
jeqa2o4m,2.46,2.46,2.46,2.5x2.5x2.5,7
84p4k9dx,2.46,2.46,2.46,2.5x2.5x2.5,7
oq8jxlfi,2.45,2.45,2.46,2.5x2.5x2.5,7
uefz1c25,2.46,2.46,2.46,2.5x2.5x2.5,7
xnofg780,2.45,2.45,2.46,2.5x2.5x2.5,7
3g5dfrlw,2.45,2.45,2.46,2.5x2.5x2.5,7
6jl2l5b5,2.46,2.46,2.46,2.5x2.5x2.5,7
6bnvsfa6,2.46,2.46,2.46,2.5x2.5x2.5,7
d9er94te,2.46,2.46,2.46,2.5x2.5x2.5,7
vwlq6exn,2.46,2.46,2.46,2.5x2.5x2.5,7
wzr04hhe,2.46,2.46,2.46,2.5x2.5x2.5,7
7icdo5di,2.46,2.46,2.46,2.5x2.5x2.5,7
gxl9ysu5,2.46,2.46,2.46,2.5x2.5x2.5,7
1epxu7b6,2.46,2.46,2.46,2.5x2.5x2.5,7
nbhgfb2f,2.46,2.46,2.46,2.5x2.5x2.5,7
lurmw3uq,2.45,2.45,2.46,2.5x2.5x2.5,7
hwtek17m,2.46,2.46,2.46,2.5x2.5x2.5,7
6j3rtxym,2.45,2.45,2.46,2.5x2.5x2.5,7
scnx8eiq,2.46,2.46,2.46,2.5x2.5x2.5,7
etk5lp9c,2.46,2.46,2.46,2.5x2.5x2.5,7
5so79h4h,2.46,2.46,2.46,2.5x2.5x2.5,7
a0mvf4s2,2.45,2.45,2.46,2.5x2.5x2.5,7
ni8tndfw,2.46,2.46,2.46,2.5x2.5x2.5,7
w41f7v4k,2.46,2.46,2.46,2.5x2.5x2.5,7
88k686qe,2.46,2.46,2.46,2.5x2.5x2.5,7
7ajul7w8,2.46,2.46,2.46,2.5x2.5x2.5,7
cof3138i,2.46,2.46,2.46,2.5x2.5x2.5,7
2xog4c8j,2.46,2.46,2.46,2.5x2.5x2.5,7
6e07fpy1,2.45,2.45,2.46,2.5x2.5x2.5,7
aeldwqxk,2.46,2.46,2.46,2.5x2.5x2.5,7
e0qc96mj,2.46,2.46,2.46,2.5x2.5x2.5,7
9n6eqv5y,2.46,2.46,2.46,2.5x2.5x2.5,7
21id9vvn,2.46,2.46,2.46,2.5x2.5x2.5,7
5x48pw5k,2.46,2.46,2.46,2.5x2.5x2.5,7
0jjsp49c,2.46,2.46,2.46,2.5x2.5x2.5,7
d3irvxd2,2.46,2.46,2.46,2.5x2.5x2.5,7
zu4ns7nv,2.46,2.46,2.46,2.5x2.5x2.5,7
v28ue1my,2.46,2.46,2.46,2.5x2.5x2.5,7
6po0m24u,2.46,2.46,2.46,2.5x2.5x2.5,7
s73w1yau,2.46,2.46,2.46,2.5x2.5x2.5,7
a8d7204j,2.46,2.46,2.46,2.5x2.5x2.5,7
3m9iqbq9,2.46,2.46,2.46,2.5x2.5x2.5,7
j2h1tlom,2.46,2.46,2.46,2.5x2.5x2.5,7
344mw04i,2.45,2.45,2.46,2.5x2.5x2.5,7
3dzxlrgn,2.46,2.46,2.46,2.5x2.5x2.5,7
jzm3618l,2.46,2.46,2.46,2.5x2.5x2.5,7
eu6zu1to,2.45,2.45,2.46,2.5x2.5x2.5,7
zhdv5ojz,2.46,2.46,2.46,2.5x2.5x2.5,7
to7d835k,2.45,2.45,2.46,2.5x2.5x2.5,7
uc9pbtyj,2.46,2.46,2.46,2.5x2.5x2.5,7
r39iixha,2.46,2.46,2.46,2.5x2.5x2.5,7
iaw4otuo,2.46,2.46,2.46,2.5x2.5x2.5,7
4uw590z9,2.46,2.46,2.46,2.5x2.5x2.5,7
2jn67lm8,2.46,2.46,2.46,2.5x2.5x2.5,7
e49ite92,2.46,2.46,2.46,2.5x2.5x2.5,7
srl3vzzx,2.45,2.45,2.46,2.5x2.5x2.5,7
t9qubwrp,2.45,2.45,2.46,2.5x2.5x2.5,7
8guucm5f,2.46,2.46,2.46,2.5x2.5x2.5,7
yczu80zr,2.46,2.46,2.46,2.5x2.5x2.5,7
z79hqtyl,2.46,2.46,2.46,2.5x2.5x2.5,7
u58ftyla,2.46,2.46,2.46,2.5x2.5x2.5,7
vzme9wt0,3.3,3.3,3.3,3.5x3.5x3.5,10
0iv1ggxr,2.39,2.39,2.38,2.5x2.5x2.5,7
ed8u8noz,3.3,3.3,3.3,3.5x3.5x3.5,10
emdmz5rg,2.37,2.38,2.37,2.5x2.5x2.5,7
oi9wm1sa,3.3,3.3,3.3,3.5x3.5x3.5,10
v9cng8ta,3.3,3.3,3.3,3.5x3.5x3.5,10
na6u48gw,3.3,3.3,3.3,3.5x3.5x3.5,10
ghm56vu6,3.3,3.3,3.3,3.5x3.5x3.5,10
z5gf3bbt,3.3,3.3,3.3,3.5x3.5x3.5,10
873lkmgs,3.3,3.3,3.3,3.5x3.5x3.5,10
6rv9777t,3.3,3.3,3.0,3.5x3.5x3.0,9
nqetmni3,3.3,3.3,3.0,3.5x3.5x3.0,9
gom6736z,3.3,3.3,3.3,3.5x3.5x3.5,10
4dsxlsut,3.3,3.3,3.3,3.5x3.5x3.5,10
othlqh7p,2.39,2.38,2.39,2.5x2.5x2.5,7
pcaduvl9,2.39,2.14,2.15,2.5x2.0x2.0,5
11zsb8lv,3.3,3.28,3.29,3.5x3.5x3.5,10
6tx0tbkg,3.3,3.3,3.0,3.5x3.5x3.0,9
8b350sgn,2.39,2.39,2.39,2.5x2.5x2.5,7
z6d86zch,3.3,3.3,3.0,3.5x3.5x3.0,9
hxa7hy7a,3.3,3.3,3.3,3.5x3.5x3.5,10
i33993n4,3.3,3.3,3.3,3.5x3.5x3.5,10
bfiy5pu5,2.39,2.39,2.39,2.5x2.5x2.5,7
wh50jyoo,3.3,3.3,3.3,3.5x3.5x3.5,10
k63rvwoz,3.3,3.3,3.0,3.5x3.5x3.0,9
qxiwe6rg,3.3,3.3,3.0,3.5x3.5x3.0,9
l7jy7otk,3.3,3.3,3.3,3.5x3.5x3.5,10
ude358tr,3.3,3.3,3.0,3.5x3.5x3.0,9
e9qdi3g1,3.3,3.3,3.0,3.5x3.5x3.0,9
3iwpfvb7,3.3,3.3,3.3,3.5x3.5x3.5,10
1ghlu8m8,3.3,3.3,3.3,3.5x3.5x3.5,10
7mhxofkc,3.3,3.3,3.3,3.5x3.5x3.5,10
ggxp5cit,3.3,3.3,3.3,3.5x3.5x3.5,10
uf8cyotw,3.3,3.3,3.3,3.5x3.5x3.5,10
g7nfdinu,3.3,3.3,3.0,3.5x3.5x3.0,9
31eiwucx,3.3,3.3,3.3,3.5x3.5x3.5,10
67xkwq0y,3.3,3.3,3.0,3.5x3.5x3.0,9
wm9q7ftm,3.3,3.3,3.3,3.5x3.5x3.5,10
fwg895na,3.3,3.3,3.3,3.5x3.5x3.5,10
2fqztio4,3.3,3.3,3.3,3.5x3.5x3.5,10
m7pp0pnn,3.3,3.3,3.3,3.5x3.5x3.5,10
lo0hhgh5,3.3,3.3,3.3,3.5x3.5x3.5,10
xw6t1oxh,3.3,3.3,3.0,3.5x3.5x3.0,9
fdxk31wb,3.3,3.3,3.0,3.5x3.5x3.0,9
htfnsgpy,3.3,3.3,3.0,3.5x3.5x3.0,9
8257ge0q,3.59,3.59,3.59,3.5x3.5x3.5,10
uz2z0kdn,2.0,2.0,4.0,2.0x2.0x4.0,4
upcj8mo7,2.46,2.46,2.46,2.5x2.5x2.5,7
65efuxq9,2.46,2.46,2.46,2.5x2.5x2.5,7
njc2goui,2.46,2.46,2.46,2.5x2.5x2.5,7
fezac2ex,3.59,3.59,3.59,3.5x3.5x3.5,10
va5e742g,2.46,2.46,2.46,2.5x2.5x2.5,7
rrdnwt2f,2.46,2.46,2.46,2.5x2.5x2.5,7
es5cs9ui,2.46,2.46,2.46,2.5x2.5x2.5,7
14nijcp5,2.46,2.46,2.46,2.5x2.5x2.5,7
2ay7ov50,2.46,2.46,2.46,2.5x2.5x2.5,7
ew25x1fv,2.46,2.46,2.46,2.5x2.5x2.5,7
k1pbcd6f,2.46,2.46,2.46,2.5x2.5x2.5,7
xnoq37kt,2.46,2.46,2.46,2.5x2.5x2.5,7
ll8sn5yz,2.46,2.46,2.46,2.5x2.5x2.5,7
7vxuqdrm,2.46,2.46,2.46,2.5x2.5x2.5,7
swjjjksl,2.46,2.46,2.46,2.5x2.5x2.5,7
66uml3so,2.46,2.46,2.46,2.5x2.5x2.5,7
jpx16f1k,2.46,2.46,2.46,2.5x2.5x2.5,7
yntl2ug0,2.46,2.46,2.46,2.5x2.5x2.5,7
5wh23gxr,2.46,2.46,2.46,2.5x2.5x2.5,7
irjutfvj,3.59,3.59,3.59,3.5x3.5x3.5,10
839ag77q,2.0,2.0,4.0,2.0x2.0x4.0,4
9vjuhbp9,4.42,4.42,4.42,4.5x4.5x4.5,14
vrnegn2b,2.46,2.46,2.46,2.5x2.5x2.5,7
4jtj27yh,3.59,3.59,3.59,3.5x3.5x3.5,10
6uamwjpi,2.46,2.46,2.46,2.5x2.5x2.5,7
wujt4ftl,2.46,2.46,2.46,2.5x2.5x2.5,7
h33hw8d0,2.46,2.46,2.46,2.5x2.5x2.5,7
9jrd4hqf,4.42,4.42,4.42,4.5x4.5x4.5,14
ghdiluvn,3.59,3.59,3.59,3.5x3.5x3.5,10
hdczp0nw,2.46,2.46,2.46,2.5x2.5x2.5,7
ntj5r2sl,2.46,2.46,2.46,2.5x2.5x2.5,7
rw4vnzvz,2.46,2.46,2.46,2.5x2.5x2.5,7
n2hloiki,2.46,2.46,2.46,2.5x2.5x2.5,7
vqa7izq2,2.0,2.0,4.0,2.0x2.0x4.0,4
nmnr06dj,2.0,2.0,4.0,2.0x2.0x4.0,4
in9rg4xv,2.46,2.46,2.46,2.5x2.5x2.5,7
349n1d6d,2.46,2.46,2.46,2.5x2.5x2.5,7
zbc7qk4k,2.0,2.0,4.0,2.0x2.0x4.0,4
6ilsidbx,2.46,2.46,2.46,2.5x2.5x2.5,7
287gt76i,2.0,2.0,4.0,2.0x2.0x4.0,4
3hzcd3ge,4.42,4.42,4.42,4.5x4.5x4.5,14
q10f7ia4,2.0,2.0,4.0,2.0x2.0x4.0,4
1sascebf,3.59,3.59,3.59,3.5x3.5x3.5,10
e54ukigd,2.46,2.46,2.46,2.5x2.5x2.5,7
ix1cnaq2,2.46,2.46,2.46,2.5x2.5x2.5,7
yotos87m,2.46,2.46,2.46,2.5x2.5x2.5,7
vz01sosr,3.59,3.59,3.59,3.5x3.5x3.5,10
2hvnkvon,2.46,2.46,2.46,2.5x2.5x2.5,7
nlhapwf5,2.46,2.46,2.46,2.5x2.5x2.5,7
20xkiaip,3.59,3.59,3.59,3.5x3.5x3.5,10
rqq5qob8,2.46,2.46,2.46,2.5x2.5x2.5,7
67kbqnxp,2.46,2.46,2.46,2.5x2.5x2.5,7
vmsr75rm,2.46,2.46,2.46,2.5x2.5x2.5,7
g7f9fzja,4.42,4.42,4.42,4.5x4.5x4.5,14
hsao2qwk,3.59,3.59,3.59,3.5x3.5x3.5,10
bsepr1b2,4.42,4.42,4.42,4.5x4.5x4.5,14
0uc87nxp,2.46,2.46,2.46,2.5x2.5x2.5,7
0jf6dnob,2.46,2.46,2.46,2.5x2.5x2.5,7
k8hup3ft,2.46,2.46,2.46,2.5x2.5x2.5,7
j6ac4jrc,2.46,2.46,2.46,2.5x2.5x2.5,7
q97rcq6w,2.46,2.46,2.46,2.5x2.5x2.5,7
948ju63l,4.42,4.42,4.42,4.5x4.5x4.5,14
xsy4vy32,2.0,2.0,4.0,2.0x2.0x4.0,4
i3pj7k99,2.0,2.0,4.0,2.0x2.0x4.0,4
bv2j3t4h,2.46,2.46,2.46,2.5x2.5x2.5,7
8qfdtn0p,2.46,2.46,2.46,2.5x2.5x2.5,7
lcfr7cl6,2.46,2.46,2.46,2.5x2.5x2.5,7
p3frb7ei,2.0,2.0,4.0,2.0x2.0x4.0,4
5r8vo4kv,4.42,4.42,4.42,4.5x4.5x4.5,14
fflncc2a,2.46,2.46,2.46,2.5x2.5x2.5,7
trd83x9a,4.42,4.42,4.42,4.5x4.5x4.5,14
ge9ny3mu,2.46,2.46,2.46,2.5x2.5x2.5,7
b6lbu9w3,2.46,2.46,2.46,2.5x2.5x2.5,7
ggo9dvws,2.46,2.46,2.46,2.5x2.5x2.5,7
3kcvjxzd,2.46,2.46,2.46,2.5x2.5x2.5,7
vyb4xz3m,4.42,4.42,4.42,4.5x4.5x4.5,14
