uid,voxel_vol,voxel_side
01nouhtc,3.23372483253479,1.4787713289260864
0224wk0y,59.1782341003418,3.8969125747680664
049enulq,7.470725059509277,1.9548835754394531
04x0qzfh,14.88693618774414,2.4600000381469727
05xt54fn,14.88693618774414,2.4600000381469727
06akt7zq,59.1782341003418,3.8969125747680664
06nkwfg3,14.88693618774414,2.4600000381469727
07gbasf5,13.78256893157959,2.397599935531616
07s387j5,59.1782341003418,3.8969125747680664
085rntdr,12.166999816894531,2.299999952316284
08liuqdn,14.88693618774414,2.4600000381469727
08uhbxlb,59.1782341003418,3.8969125747680664
09lzrk79,59.1782341003418,3.8969125747680664
09vs9kkh,14.88693618774414,2.4600000381469727
0aeoorbt,14.88693618774414,2.4600000381469727
0bq1s9ry,14.88693618774414,2.4600000381469727
0dk0get8,59.10797119140625,3.8953697681427
0dl5e11e,12.166999816894531,2.299999952316284
0ezzf8s2,12.166999816894531,2.299999952316284
0fgzvrct,59.1782341003418,3.8969125747680664
0i4x6g1e,14.88693618774414,2.4600000381469727
0i6g61pc,13.78256893157959,2.397599935531616
0imjyjcm,59.1782341003418,3.8969125747680664
0iv1ggxr,13.796365737915039,2.398399829864502
0j1oulwo,13.78256893157959,2.397599935531616
0jdcli69,59.1782341003418,3.8969125747680664
0jf6dnob,14.88693618774414,2.4600000381469727
0jjsp49c,14.88693618774414,2.4600000381469727
0kb68rer,12.166999816894531,2.299999952316284
0l1offkh,14.88693618774414,2.4600000381469727
0lzjjege,59.10797119140625,3.8953697681427
0odwmqx5,14.88693618774414,2.4600000381469727
0pdw5py6,59.10797119140625,3.8953697681427
0qpop1o8,14.88693618774414,2.4600000381469727
0s0r2sds,59.10797119140625,3.8953697681427
0sqcnf9w,14.88693618774414,2.4600000381469727
0uc87nxp,14.88693618774414,2.4600000381469727
0vgnxb5j,12.166999816894531,2.299999952316284
0vtkrrvw,59.1782341003418,3.8969125747680664
0w10lbt3,3.3557674884796143,1.497145414352417
0yknfu84,12.166999816894531,2.299999952316284
118qqvae,14.88693618774414,2.4600000381469727
11bd2sce,59.1782341003418,3.8969125747680664
11zsb8lv,35.84275436401367,3.2971127033233643
12pgyme6,14.88693618774414,2.4600000381469727
146vey0a,13.78256893157959,2.397599935531616
14nijcp5,14.88693618774414,2.4600000381469727
153sflse,12.166999816894531,2.299999952316284
15ahdbvz,12.166999816894531,2.299999952316284
15ikpqah,59.1782341003418,3.8969125747680664
15z8vmuh,6.835227012634277,1.8978023529052734
167d6vnx,14.88693618774414,2.4600000381469727
199dxj37,12.166999816894531,2.299999952316284
1b0z3nx3,59.10797119140625,3.8953697681427
1bj9rm7p,12.166999816894531,2.299999952316284
1c2zl46q,14.88693618774414,2.4600000381469727
1cjfx5li,14.88693618774414,2.4600000381469727
1el88l12,14.88693618774414,2.4600000381469727
1epxu7b6,14.88693618774414,2.4600000381469727
1g463sdy,3.23372483253479,1.4787713289260864
1g983ep9,12.166999816894531,2.299999952316284
1ghlu8m8,35.84275436401367,3.2971127033233643
1hgav42t,14.88693618774414,2.4600000381469727
1ije2xe0,14.88693618774414,2.4600000381469727
1jrj5xfe,13.78256893157959,2.397599935531616
1lfc1nlc,14.88693618774414,2.4600000381469727
1nm3v16x,14.88693618774414,2.4600000381469727
1p02jyv6,14.88693618774414,2.4600000381469727
1r11q7uw,3.2943968772888184,1.4879624843597412
1sa3y5t3,13.78256893157959,2.397599935531616
1sascebf,46.30501937866211,3.5909500122070312
1t2tala7,14.88693618774414,2.4600000381469727
1v2isqp4,59.10797119140625,3.8953697681427
1w1ht7pz,59.10797119140625,3.8953697681427
1xj7wwud,13.78256893157959,2.397599935531616
20xkiaip,46.30501937866211,3.5909500122070312
21b07g2r,59.1782341003418,3.8969125747680664
21id9vvn,14.88693618774414,2.4600000381469727
21vmefoz,59.1782341003418,3.8969125747680664
226parsg,14.88693618774414,2.4600000381469727
22xmq664,14.88693618774414,2.4600000381469727
24d7v911,14.88693618774414,2.4600000381469727
2837c6qc,59.1782341003418,3.8969125747680664
2853uy8u,14.88693618774414,2.4600000381469727
287gt76i,16.0,2.5198421478271484
2ay7ov50,14.88693618774414,2.4600000381469727
2c9ros7y,12.166999816894531,2.299999952316284
2d1jqbex,14.88693618774414,2.4600000381469727
2elalq26,13.78256893157959,2.397599935531616
2ezc7fov,12.166999816894531,2.299999952316284
2fqztio4,35.84275436401367,3.2971127033233643
2fvb66h3,59.1782341003418,3.8969125747680664
2gkfl5xf,13.78256893157959,2.397599935531616
2hvnkvon,14.88693618774414,2.4600000381469727
2jn67lm8,14.88693618774414,2.4600000381469727
2kodwh8n,59.1782341003418,3.8969125747680664
2l4x5bwa,14.88693618774414,2.4600000381469727
2ld05nhq,59.1782341003418,3.8969125747680664
2lngixmc,59.1782341003418,3.8969125747680664
2lwhedht,14.88693618774414,2.4600000381469727
2m71hssb,8.546309471130371,2.044527053833008
2movs0cd,14.88693618774414,2.4600000381469727
2p2tixc7,14.88693618774414,2.4600000381469727
2qc6dr08,14.88693618774414,2.4600000381469727
2r9pegln,13.78256893157959,2.397599935531616
2rntjlmz,14.88693618774414,2.4600000381469727
2rzv1sqq,59.1782341003418,3.8969125747680664
2u9az3ce,13.78256893157959,2.397599935531616
2xcb3yym,59.1782341003418,3.8969125747680664
2xg8p6be,3.23372483253479,1.4787713289260864
2xog4c8j,14.88693618774414,2.4600000381469727
2ygnmby4,12.166999816894531,2.299999952316284
2z0ljch2,12.166999816894531,2.299999952316284
2zueugwu,59.1782341003418,3.8969125747680664
313fpoyi,6.960049152374268,1.909285068511963
31eiwucx,35.84275436401367,3.2971127033233643
31yhxso7,59.1782341003418,3.8969125747680664
32orwixz,12.166999816894531,2.299999952316284
33mg1zaq,59.1782341003418,3.8969125747680664
344mw04i,14.88693618774414,2.4600000381469727
349n1d6d,14.88693618774414,2.4600000381469727
356wafft,14.88693618774414,2.4600000381469727
36u8ueih,12.166999816894531,2.299999952316284
39yl9ue4,59.1782341003418,3.8969125747680664
3aipjiyl,14.88693618774414,2.4600000381469727
3b0n9cc7,14.88693618774414,2.4600000381469727
3c9xqym5,7.999479293823242,1.9999566078186035
3cup8ijl,12.166999816894531,2.299999952316284
3dg60e1e,14.88693618774414,2.4600000381469727
3dzxlrgn,14.88693618774414,2.4600000381469727
3e54n6o9,59.1782341003418,3.8969125747680664
3fezez5e,59.1782341003418,3.8969125747680664
3g5dfrlw,14.88693618774414,2.4600000381469727
3hzcd3ge,86.32744598388672,4.419600009918213
3ifhv1xg,3.23372483253479,1.4787713289260864
3iwpfvb7,35.84275436401367,3.2971127033233643
3jczucqm,12.166999816894531,2.299999952316284
3jonou9i,12.166999816894531,2.299999952316284
3jpxgh30,12.166999816894531,2.299999952316284
3k8a7rv4,59.1782341003418,3.8969125747680664
3kcvjxzd,14.88693618774414,2.4600000381469727
3m9iqbq9,14.88693618774414,2.4600000381469727
3obyghgk,12.166999816894531,2.299999952316284
3p91i3vm,12.166999816894531,2.299999952316284
3pt5r5rc,12.166999816894531,2.299999952316284
3qlx3f2x,13.78256893157959,2.397599935531616
3qsqcq30,12.166999816894531,2.299999952316284
3t4y0tb1,13.78256893157959,2.397599935531616
3uvulemx,7.798920631408691,1.9831010103225708
3vwlo7am,14.88693618774414,2.4600000381469727
3wp8djkl,13.78256893157959,2.397599935531616
3xlrfcd6,3.23372483253479,1.4787713289260864
3y4wpwg3,13.78256893157959,2.397599935531616
3zkwdeek,12.166999816894531,2.299999952316284
41ibljh7,14.88693618774414,2.4600000381469727
422ta83r,14.88693618774414,2.4600000381469727
42sihxod,14.88693618774414,2.4600000381469727
433e1i1p,14.88693618774414,2.4600000381469727
448n7odk,12.166999816894531,2.299999952316284
458ax40d,12.166999816894531,2.299999952316284
45bg34iq,12.166999816894531,2.299999952316284
45bm1enf,7.932408332824707,1.9943513870239258
45ed5ggs,59.1782341003418,3.8969125747680664
46ayn2d7,59.1782341003418,3.8969125747680664
48nysj5y,13.78256893157959,2.397599935531616
48y1o4iz,12.166999816894531,2.299999952316284
493wxa73,7.1493072509765625,1.9264363050460815
4a3yjtu7,14.88693618774414,2.4600000381469727
4abufwbu,14.88693618774414,2.4600000381469727
4c6p1llh,13.78256893157959,2.397599935531616
4cdpqvl0,12.166999816894531,2.299999952316284
4dsxlsut,35.84275436401367,3.2971127033233643
4ex6u86z,14.88693618774414,2.4600000381469727
4f2k1xer,59.1782341003418,3.8969125747680664
4fcl5efj,59.1782341003418,3.8969125747680664
4isotn9u,14.88693618774414,2.4600000381469727
4ivsolml,3.23372483253479,1.4787713289260864
4jtj27yh,46.30501937866211,3.5909500122070312
4k00ilu6,59.1782341003418,3.8969125747680664
4k0lthy2,14.88693618774414,2.4600000381469727
4k5ogz2u,14.88693618774414,2.4600000381469727
4kzrezrd,59.1782341003418,3.8969125747680664
4ldimsyj,12.166999816894531,2.299999952316284
4m0a6mdm,59.1782341003418,3.8969125747680664
4mqa78ra,14.88693618774414,2.4600000381469727
4n89qkns,6.773240089416504,1.8920481204986572
4orac8cy,13.78256893157959,2.397599935531616
4po1i3ms,59.1782341003418,3.8969125747680664
4qxxva2i,59.10797119140625,3.8953697681427
4regb1aj,14.88693618774414,2.4600000381469727
4sx27dcb,59.1782341003418,3.8969125747680664
4t60ploz,12.166999816894531,2.299999952316284
4u9bxf44,12.166999816894531,2.299999952316284
4uw590z9,14.88693618774414,2.4600000381469727
4vf89x22,14.88693618774414,2.4600000381469727
4wsqt26q,7.086000442504883,1.9207332134246826
4xekz83y,59.1782341003418,3.8969125747680664
4xyf9igf,12.166999816894531,2.299999952316284
50i6gbxq,13.78256893157959,2.397599935531616
513bb6f0,14.88693618774414,2.4600000381469727
516sp18o,14.88693618774414,2.4600000381469727
51ob537q,59.1782341003418,3.8969125747680664
53ayeqah,14.88693618774414,2.4600000381469727
53lc58dr,14.88693618774414,2.4600000381469727
53x1f8s0,13.78256893157959,2.397599935531616
5407k5w1,59.1782341003418,3.8969125747680664
55izolnn,14.88693618774414,2.4600000381469727
55j2o7s3,59.10797119140625,3.8953697681427
576mouze,14.88693618774414,2.4600000381469727
59c81do6,59.1782341003418,3.8969125747680664
5bwikotc,12.166999816894531,2.299999952316284
5cf72gnn,59.1782341003418,3.8969125747680664
5cri8bix,12.166999816894531,2.299999952316284
5d0p92k3,59.1782341003418,3.8969125747680664
5e8osaq3,13.78256893157959,2.397599935531616
5eltfebe,59.1782341003418,3.8969125747680664
5ep4cwcd,14.88693618774414,2.4600000381469727
5g77lk6h,14.88693618774414,2.4600000381469727
5gqqlyzj,14.88693618774414,2.4600000381469727
5hrdu4xs,14.88693618774414,2.4600000381469727
5iqvnb4g,59.10797119140625,3.8953697681427
5iz31yru,12.166999816894531,2.299999952316284
5lxo6qji,14.88693618774414,2.4600000381469727
5m8kb9w4,14.88693618774414,2.4600000381469727
5n9c70pa,14.88693618774414,2.4600000381469727
5nms6xvq,14.88693618774414,2.4600000381469727
5r8vo4kv,86.32744598388672,4.419600009918213
5so79h4h,14.88693618774414,2.4600000381469727
5tgsq7ai,14.88693618774414,2.4600000381469727
5wh23gxr,14.88693618774414,2.4600000381469727
5x48pw5k,14.88693618774414,2.4600000381469727
5xyfc4kl,12.166999816894531,2.299999952316284
61nhvcfw,13.78256893157959,2.397599935531616
63yk03o4,14.88693618774414,2.4600000381469727
64yfds0d,12.166999816894531,2.299999952316284
65efuxq9,14.88693618774414,2.4600000381469727
66uml3so,14.88693618774414,2.4600000381469727
66vw9b0m,14.88693618774414,2.4600000381469727
67kbqnxp,14.88693618774414,2.4600000381469727
67xkwq0y,32.7629280090332,3.1998348236083984
68q0j9m4,13.78256893157959,2.397599935531616
69ugnekr,12.166999816894531,2.299999952316284
6bnvsfa6,14.88693618774414,2.4600000381469727
6c2cu7on,14.88693618774414,2.4600000381469727
6e07fpy1,14.88693618774414,2.4600000381469727
6g5g79or,12.206803321838379,2.3025054931640625
6ilsidbx,14.88693618774414,2.4600000381469727
6j3rtxym,14.88693618774414,2.4600000381469727
6jl2l5b5,14.88693618774414,2.4600000381469727
6k8djzr5,59.1782341003418,3.8969125747680664
6kf1622v,12.166999816894531,2.299999952316284
6khub2rt,14.88693618774414,2.4600000381469727
6n6975j2,13.78256893157959,2.397599935531616
6nouhfj7,12.166999816894531,2.299999952316284
6o3z0ani,13.78256893157959,2.397599935531616
6po0m24u,14.88693618774414,2.4600000381469727
6prr7mza,59.1782341003418,3.8969125747680664
6q8sjy5o,13.78256893157959,2.397599935531616
6qd0771h,13.78256893157959,2.397599935531616
6qlz2rwg,12.166999816894531,2.299999952316284
6rv9777t,32.7629280090332,3.1998348236083984
6sapbs22,14.88693618774414,2.4600000381469727
6scivuqt,14.88693618774414,2.4600000381469727
6szn9dde,12.166999816894531,2.299999952316284
6tx0tbkg,32.7629280090332,3.1998348236083984
6uamwjpi,14.88693618774414,2.4600000381469727
6xvaj2k8,12.166999816894531,2.299999952316284
6ys445gd,12.166999816894531,2.299999952316284
6zs62ywe,12.166999816894531,2.299999952316284
700ucrgb,14.88693618774414,2.4600000381469727
70ebpy9e,14.88693618774414,2.4600000381469727
70s1f537,14.88693618774414,2.4600000381469727
71w1wudc,59.1782341003418,3.8969125747680664
7493dxwo,13.78256893157959,2.397599935531616
750cehlx,3.23372483253479,1.4787713289260864
77jzc58c,13.78256893157959,2.397599935531616
7875aud9,7.601195812225342,1.966198205947876
78v0bjwk,59.1782341003418,3.8969125747680664
79kvls9m,14.88693618774414,2.4600000381469727
7ajul7w8,14.88693618774414,2.4600000381469727
7c7bo119,12.166999816894531,2.299999952316284
7dypmlva,14.88693618774414,2.4600000381469727
7fxzv4u3,8.202384948730469,2.0167250633239746
7hme6p4n,14.88693618774414,2.4600000381469727
7icdo5di,14.88693618774414,2.4600000381469727
7ln23y30,7.865620136260986,1.9887384176254272
7mhxofkc,35.84275436401367,3.2971127033233643
7n8la100,12.166999816894531,2.299999952316284
7p9mda9o,14.88693618774414,2.4600000381469727
7pq4ddv2,59.1782341003418,3.8969125747680664
7qhak7md,59.1782341003418,3.8969125747680664
7srcbplj,59.10797119140625,3.8953697681427
7szpf9s9,13.78256893157959,2.397599935531616
7tw1puws,59.1782341003418,3.8969125747680664
7ujodck8,14.88693618774414,2.4600000381469727
7vxuqdrm,14.88693618774414,2.4600000381469727
7y2itl8n,59.1782341003418,3.8969125747680664
7zj3sweb,12.166999816894531,2.299999952316284
8257ge0q,46.30501937866211,3.5909500122070312
82n2atqy,59.10797119140625,3.8953697681427
832ejx5t,6.960049152374268,1.909285068511963
83579wrr,14.88693618774414,2.4600000381469727
839ag77q,16.0,2.5198421478271484
83bdw56f,59.1782341003418,3.8969125747680664
84p4k9dx,14.88693618774414,2.4600000381469727
84z4ur2y,14.88693618774414,2.4600000381469727
86z1b98v,13.78256893157959,2.397599935531616
873lkmgs,35.84275436401367,3.2971127033233643
88k686qe,14.88693618774414,2.4600000381469727
89i9gx32,13.78256893157959,2.397599935531616
8b25sq8c,59.10797119140625,3.8953697681427
8b350sgn,13.796365737915039,2.398399829864502
8bxy6rkv,14.88693618774414,2.4600000381469727
8cgn0t6d,12.166999816894531,2.299999952316284
8cqk4lta,12.166999816894531,2.299999952316284
8dalfyo1,3.23372483253479,1.4787713289260864
8ditmown,14.88693618774414,2.4600000381469727
8fwrpk0z,14.88693618774414,2.4600000381469727
8guucm5f,14.88693618774414,2.4600000381469727
8hyexf7j,12.166999816894531,2.299999952316284
8jpr7vgr,14.88693618774414,2.4600000381469727
8jx54peg,14.88693618774414,2.4600000381469727
8l0hg9nc,59.1782341003418,3.8969125747680664
8llihkpj,14.88693618774414,2.4600000381469727
8lxeqlez,14.88693618774414,2.4600000381469727
8lymj1qi,59.1782341003418,3.8969125747680664
8mdd4v30,14.88693618774414,2.4600000381469727
8mtk0rso,13.78256893157959,2.397599935531616
8oga0x7z,14.88693618774414,2.4600000381469727
8p6fvdhr,59.1782341003418,3.8969125747680664
8pajssuu,12.166999816894531,2.299999952316284
8qfdtn0p,14.88693618774414,2.4600000381469727
8ra4dv56,59.1782341003418,3.8969125747680664
8riec4d1,7.865620136260986,1.9887384176254272
8va8x8l0,59.1782341003418,3.8969125747680664
917xfh41,14.88693618774414,2.4600000381469727
929u6wtv,59.1782341003418,3.8969125747680664
92mtr6sn,12.166999816894531,2.299999952316284
92tp6qaq,59.1782341003418,3.8969125747680664
93wkcs4k,14.88693618774414,2.4600000381469727
948ju63l,86.32744598388672,4.419600009918213
94sz2kuu,14.88693618774414,2.4600000381469727
94xfri09,13.78256893157959,2.397599935531616
96qe3rzs,59.10797119140625,3.8953697681427
9700lfqf,13.78256893157959,2.397599935531616
9aawe429,14.88693618774414,2.4600000381469727
9boq0iq2,12.166999816894531,2.299999952316284
9bp4m18o,12.166999816894531,2.299999952316284
9d31k9qm,12.166999816894531,2.299999952316284
9dxoq2vp,14.88693618774414,2.4600000381469727
9e7eobjl,12.166999816894531,2.299999952316284
9ftaxp0w,12.166999816894531,2.299999952316284
9ier7u8h,59.1782341003418,3.8969125747680664
9jrd4hqf,86.32744598388672,4.419600009918213
9jrnamz6,13.78256893157959,2.397599935531616
9kwv08hh,59.10797119140625,3.8953697681427
9lhalckz,14.88693618774414,2.4600000381469727
9mqvayxa,59.1782341003418,3.8969125747680664
9mv9e40k,59.1782341003418,3.8969125747680664
9mx2x18h,59.10797119140625,3.8953697681427
9n6eqv5y,14.88693618774414,2.4600000381469727
9oi0d4dm,59.1782341003418,3.8969125747680664
9owwew9v,14.88693618774414,2.4600000381469727
9ptk4gc4,59.1782341003418,3.8969125747680664
9rbsv55p,59.10797119140625,3.8953697681427
9s3w563b,14.88693618774414,2.4600000381469727
9t84azyt,14.88693618774414,2.4600000381469727
9tze5r5u,59.10797119140625,3.8953697681427
9uu2bl7a,13.78256893157959,2.397599935531616
9vjuhbp9,86.32744598388672,4.419600009918213
9yecazrp,14.88693618774414,2.4600000381469727
9zxqerbk,14.88693618774414,2.4600000381469727
a08ekxdr,59.1782341003418,3.8969125747680664
a0mvf4s2,14.88693618774414,2.4600000381469727
a2iz5p3v,59.1782341003418,3.8969125747680664
a3idy3c7,14.88693618774414,2.4600000381469727
a5xin9dl,14.88693618774414,2.4600000381469727
a68t2a3a,14.88693618774414,2.4600000381469727
a6s5zxqo,13.78256893157959,2.397599935531616
a7dorfki,14.88693618774414,2.4600000381469727
a8d7204j,14.88693618774414,2.4600000381469727
addqhkga,14.88693618774414,2.4600000381469727
aea84hxx,59.1782341003418,3.8969125747680664
aeldwqxk,14.88693618774414,2.4600000381469727
afeyuhz1,59.10797119140625,3.8953697681427
ahulwjti,14.88693618774414,2.4600000381469727
aietdn1t,59.1782341003418,3.8969125747680664
akhejla0,7.535819053649902,1.9605450630187988
aofc9lgy,14.88693618774414,2.4600000381469727
aragdx5o,59.1782341003418,3.8969125747680664
asifpwio,8.407732009887695,2.033416271209717
asnwywrr,12.166999816894531,2.299999952316284
atatj9a3,12.166999816894531,2.299999952316284
auxbgk2w,14.88693618774414,2.4600000381469727
av6763v1,14.88693618774414,2.4600000381469727
az39pecn,12.166999816894531,2.299999952316284
az5uh80q,59.1782341003418,3.8969125747680664
b0oih5cs,12.166999816894531,2.299999952316284
b1qx6gvw,59.10797119140625,3.8953697681427
b2knftu2,59.10797119140625,3.8953697681427
b34kuqaa,59.1782341003418,3.8969125747680664
b48wumh9,14.88693618774414,2.4600000381469727
b5jfysyz,59.1782341003418,3.8969125747680664
b6lbu9w3,14.88693618774414,2.4600000381469727
b7p9jyqn,59.1782341003418,3.8969125747680664
ba5mf36b,59.1782341003418,3.8969125747680664
ba75uuzp,3.1735734939575195,1.4695448875427246
badlypgg,13.78256893157959,2.397599935531616
bbxux1ox,9.183090209960938,2.0940945148468018
bc2swsoz,12.166999816894531,2.299999952316284
bd2qe4pa,12.166999816894531,2.299999952316284
be3yqy5f,59.1782341003418,3.8969125747680664
bekgv1bb,59.1782341003418,3.8969125747680664
bfa37dl9,59.1782341003418,3.8969125747680664
bfej2xg4,59.1782341003418,3.8969125747680664
bfiy5pu5,13.796365737915039,2.398399829864502
bgl2mcxn,13.78256893157959,2.397599935531616
bglmy62x,14.88693618774414,2.4600000381469727
bhaiiwi0,59.1782341003418,3.8969125747680664
bhgpbktm,14.88693618774414,2.4600000381469727
bjcdiwzo,13.78256893157959,2.397599935531616
bkvblpxa,13.78256893157959,2.397599935531616
bl4ce7pk,59.1782341003418,3.8969125747680664
bmae38sr,12.166999816894531,2.299999952316284
bpg2r0to,14.88693618774414,2.4600000381469727
brmqg1ve,14.88693618774414,2.4600000381469727
brspj4ki,14.88693618774414,2.4600000381469727
bs7587h9,14.88693618774414,2.4600000381469727
bsepr1b2,86.32744598388672,4.419600009918213
bsvk3x8m,13.78256893157959,2.397599935531616
btgdjz0i,14.88693618774414,2.4600000381469727
btr23qiu,59.1782341003418,3.8969125747680664
bugr6e7g,59.1782341003418,3.8969125747680664
bv2j3t4h,14.88693618774414,2.4600000381469727
bxanj4x5,14.88693618774414,2.4600000381469727
by4ubzcz,14.88693618774414,2.4600000381469727
bzgflig5,14.88693618774414,2.4600000381469727
bzug0it2,12.166999816894531,2.299999952316284
c11ertj5,14.88693618774414,2.4600000381469727
c1m3o55i,14.88693618774414,2.4600000381469727
c1y5ayyo,59.1782341003418,3.8969125747680664
c2guwjp0,59.1782341003418,3.8969125747680664
c2keivli,13.78256893157959,2.397599935531616
c2rh2xk2,59.1782341003418,3.8969125747680664
c37rln36,59.1782341003418,3.8969125747680664
c50b8y5d,59.1782341003418,3.8969125747680664
c5rqnsvs,59.1782341003418,3.8969125747680664
c76ub7l8,12.166999816894531,2.299999952316284
c7jvlcg1,14.88693618774414,2.4600000381469727
c8nog85d,59.1782341003418,3.8969125747680664
c9h42m44,12.166999816894531,2.299999952316284
cagrp2u4,12.166999816894531,2.299999952316284
ccprhvlz,7.732697486877441,1.9774720668792725
cd31nrxd,14.88693618774414,2.4600000381469727
cd5glqj5,12.166999816894531,2.299999952316284
cdyk0x65,8.202384948730469,2.0167250633239746
cgdc5tao,14.88693618774414,2.4600000381469727
cho3xjvo,59.1782341003418,3.8969125747680664
cj4t0sek,7.999479293823242,1.9999566078186035
cjg8vuaz,14.88693618774414,2.4600000381469727
cjwtl9tq,59.10797119140625,3.8953697681427
cof3138i,14.88693618774414,2.4600000381469727
cpprcjiw,12.166999816894531,2.299999952316284
cpsiln3o,14.88693618774414,2.4600000381469727
cpweijmm,59.1782341003418,3.8969125747680664
cqxcs1xs,59.1782341003418,3.8969125747680664
cslqc3c5,3.2035789489746094,1.4741617441177368
ctwjlsh3,12.166999816894531,2.299999952316284
cua09pci,59.1782341003418,3.8969125747680664
cv1ltwbj,13.78256893157959,2.397599935531616
cw2lbm2q,14.88693618774414,2.4600000381469727
cw9yil8s,14.88693618774414,2.4600000381469727
cwbfuk9e,59.10797119140625,3.8953697681427
cxz2ei92,14.88693618774414,2.4600000381469727
d05jh2mk,13.78256893157959,2.397599935531616
d0tgsiwg,14.88693618774414,2.4600000381469727
d14ve92m,59.10797119140625,3.8953697681427
d2ff5l6b,14.88693618774414,2.4600000381469727
d2sw24wj,13.78256893157959,2.397599935531616
d32lx2to,14.88693618774414,2.4600000381469727
d3irvxd2,14.88693618774414,2.4600000381469727
d44k1j6f,2.824481725692749,1.41355562210083
d7x48wze,14.88693618774414,2.4600000381469727
d7yxw1tb,14.88693618774414,2.4600000381469727
d84u89yj,59.10797119140625,3.8953697681427
d8clw3jg,13.78256893157959,2.397599935531616
d8ur6tia,14.88693618774414,2.4600000381469727
d9er94te,14.88693618774414,2.4600000381469727
dbdw2pcn,14.88693618774414,2.4600000381469727
de1e1630,14.88693618774414,2.4600000381469727
df7fr91i,14.88693618774414,2.4600000381469727
df7pchcb,14.88693618774414,2.4600000381469727
dfovd79c,59.1782341003418,3.8969125747680664
dg1wjuii,14.88693618774414,2.4600000381469727
dhgzz0jk,12.166999816894531,2.299999952316284
dhvs41lq,13.78256893157959,2.397599935531616
dhylurtp,59.10797119140625,3.8953697681427
dihsa7he,12.166999816894531,2.299999952316284
diu1jtka,14.88693618774414,2.4600000381469727
dkejp5k7,14.88693618774414,2.4600000381469727
dkvuff12,14.88693618774414,2.4600000381469727
dl7fkndg,13.78256893157959,2.397599935531616
dn1mxf1p,59.1782341003418,3.8969125747680664
do0d3fvn,13.78256893157959,2.397599935531616
do7002g3,14.88693618774414,2.4600000381469727
dpdxujjc,59.1782341003418,3.8969125747680664
dtbh55rb,12.166999816894531,2.299999952316284
dvlnknd6,12.166999816894531,2.299999952316284
dwwo8nbh,12.166999816894531,2.299999952316284
dyms1mwn,59.1782341003418,3.8969125747680664
dyt9moge,59.10797119140625,3.8953697681427
dzr1yxr2,59.10797119140625,3.8953697681427
e088o98b,12.166999816894531,2.299999952316284
e0qc96mj,14.88693618774414,2.4600000381469727
e13n3bzt,12.166999816894531,2.299999952316284
e1xtar0k,14.88693618774414,2.4600000381469727
e27zeoqg,14.88693618774414,2.4600000381469727
e2gjr81b,59.1782341003418,3.8969125747680664
e49ite92,14.88693618774414,2.4600000381469727
e54ukigd,14.88693618774414,2.4600000381469727
e63lbqgu,12.166999816894531,2.299999952316284
e64skbcb,59.1782341003418,3.8969125747680664
e6zvlhyl,59.1782341003418,3.8969125747680664
e9i0hn3f,14.88693618774414,2.4600000381469727
e9qdi3g1,32.7629280090332,3.1998348236083984
e9vifttd,59.10797119140625,3.8953697681427
eal2w37d,3.23372483253479,1.4787713289260864
eavedhr3,13.78256893157959,2.397599935531616
eaxylnfx,14.88693618774414,2.4600000381469727
ecjtr0m6,14.88693618774414,2.4600000381469727
ed8u8noz,35.84275436401367,3.2971127033233643
edbcy8ny,59.1782341003418,3.8969125747680664
edhhjshz,12.166999816894531,2.299999952316284
ef828xg8,12.166999816894531,2.299999952316284
efj31ego,14.88693618774414,2.4600000381469727
efjawshm,14.88693618774414,2.4600000381469727
efqjg02u,3.23372483253479,1.4787713289260864
eghpmxpk,14.88693618774414,2.4600000381469727
egi3qupx,59.1782341003418,3.8969125747680664
egry58vr,59.1782341003418,3.8969125747680664
ehe2atn2,9.255245208740234,2.099565029144287
ehlh07jr,13.78256893157959,2.397599935531616
ehvdo9kh,59.1782341003418,3.8969125747680664
ehwhg0u4,13.78256893157959,2.397599935531616
ei3zrrhf,14.88693618774414,2.4600000381469727
ej31gymd,12.166999816894531,2.299999952316284
ejklcp9u,14.88693618774414,2.4600000381469727
ek3zezqa,3.23372483253479,1.4787713289260864
ek4aegvf,14.88693618774414,2.4600000381469727
ekntbz3m,14.88693618774414,2.4600000381469727
el8mwob4,13.78256893157959,2.397599935531616
elrqvslw,3.23372483253479,1.4787713289260864
emc20lsj,14.88693618774414,2.4600000381469727
emdmz5rg,13.796365737915039,2.398399829864502
en7yjf30,14.88693618774414,2.4600000381469727
epl7zqpp,13.78256893157959,2.397599935531616
eq8dh9pt,13.78256893157959,2.397599935531616
eqe5158o,13.78256893157959,2.397599935531616
erev361x,14.88693618774414,2.4600000381469727
es5cs9ui,14.88693618774414,2.4600000381469727
etk5lp9c,14.88693618774414,2.4600000381469727
eu6zu1to,14.88693618774414,2.4600000381469727
eubfn9kr,59.1782341003418,3.8969125747680664
euc1hh5l,59.10797119140625,3.8953697681427
euswrgvz,14.88693618774414,2.4600000381469727
ev4dh9ug,14.88693618774414,2.4600000381469727
ew25x1fv,14.88693618774414,2.4600000381469727
f0onjpi1,14.88693618774414,2.4600000381469727
f10oo1pv,14.88693618774414,2.4600000381469727
f1hx6zdc,14.88693618774414,2.4600000381469727
f309hsuw,14.88693618774414,2.4600000381469727
f4ln5rgs,14.88693618774414,2.4600000381469727
f5gzpl1q,14.88693618774414,2.4600000381469727
f6a4fejg,59.10797119140625,3.8953697681427
f8krd5eq,59.10797119140625,3.8953697681427
f8wxkk2a,13.78256893157959,2.397599935531616
f90km3tz,3.23372483253479,1.4787713289260864
fa39e3nw,12.166999816894531,2.299999952316284
fbmenui3,14.88693618774414,2.4600000381469727
fc1xx6cw,59.1782341003418,3.8969125747680664
fdd7r193,13.78256893157959,2.397599935531616
fdxk31wb,32.7629280090332,3.1998348236083984
fezac2ex,46.30501937866211,3.5909500122070312
fflncc2a,14.88693618774414,2.4600000381469727
fflzm764,13.599966049194336,2.3869643211364746
ffz8q4vh,59.1782341003418,3.8969125747680664
fieecy2c,59.1782341003418,3.8969125747680664
fknwbhkv,14.88693618774414,2.4600000381469727
fl0ukeyz,59.10797119140625,3.8953697681427
flsehuds,12.166999816894531,2.299999952316284
flul1rsr,8.546309471130371,2.044527053833008
flwdr3vw,59.1782341003418,3.8969125747680664
fnkomv2x,7.601195812225342,1.966198205947876
fnm88ua3,13.78256893157959,2.397599935531616
focnqdqx,13.78256893157959,2.397599935531616
foy4dd1v,12.166999816894531,2.299999952316284
fqxlbvn7,13.78256893157959,2.397599935531616
frml29q2,14.88693618774414,2.4600000381469727
fs6hn95s,13.78256893157959,2.397599935531616
fshb0oqv,14.88693618774414,2.4600000381469727
ft07x5ic,13.78256893157959,2.397599935531616
ftlo4qdb,59.1782341003418,3.8969125747680664
fwdc112h,59.1782341003418,3.8969125747680664
fwg895na,35.84275436401367,3.2971127033233643
fxhkc856,12.166999816894531,2.299999952316284
g06xr3ur,13.78256893157959,2.397599935531616
g0fn9xuy,14.88693618774414,2.4600000381469727
g2qzw3c1,8.202384948730469,2.0167250633239746
g585i87x,59.1782341003418,3.8969125747680664
g5rifwr0,14.88693618774414,2.4600000381469727
g6a8mlik,14.88693618774414,2.4600000381469727
g7f9fzja,86.32744598388672,4.419600009918213
g7nfdinu,32.7629280090332,3.1998348236083984
g84d4r9v,59.1782341003418,3.8969125747680664
gbmxikvr,13.78256893157959,2.397599935531616
gc5wi6fq,59.10797119140625,3.8953697681427
gd1t53yk,59.1782341003418,3.8969125747680664
ge9ny3mu,14.88693618774414,2.4600000381469727
gfliji18,12.166999816894531,2.299999952316284
gfvnnvbz,14.88693618774414,2.4600000381469727
gg0v5dta,59.1782341003418,3.8969125747680664
ggo9dvws,14.88693618774414,2.4600000381469727
ggomf9pm,14.88693618774414,2.4600000381469727
ggxp5cit,35.84275436401367,3.2971127033233643
ggy5kov1,13.78256893157959,2.397599935531616
ghdiluvn,46.30501937866211,3.5909500122070312
ghm56vu6,35.84275436401367,3.2971127033233643
gk6t9dhs,59.1782341003418,3.8969125747680664
gkwwjwga,14.88693618774414,2.4600000381469727
gkzjrumx,14.88693618774414,2.4600000381469727
glh62c9t,12.166999816894531,2.299999952316284
gmd478mf,59.1782341003418,3.8969125747680664
gnzs43c5,3.23372483253479,1.4787713289260864
go8jn42x,12.166999816894531,2.299999952316284
gok01tnz,14.88693618774414,2.4600000381469727
gom6736z,35.84275436401367,3.2971127033233643
gpcivi05,13.78256893157959,2.397599935531616
gqpq8r4h,14.88693618774414,2.4600000381469727
gses6m03,7.022883415222168,1.915013313293457
gss8k5ij,14.88693618774414,2.4600000381469727
gstqmgvu,14.88693618774414,2.4600000381469727
gublmntf,59.1782341003418,3.8969125747680664
gv0e38da,59.10797119140625,3.8953697681427
gv3z6bz8,12.166999816894531,2.299999952316284
gv812hnc,14.88693618774414,2.4600000381469727
gxl9ysu5,14.88693618774414,2.4600000381469727
gyspengw,12.166999816894531,2.299999952316284
gzr7txcb,12.166999816894531,2.299999952316284
h05hhiwf,14.88693618774414,2.4600000381469727
h1xjg2y8,59.1782341003418,3.8969125747680664
h2m5zja8,59.10797119140625,3.8953697681427
h33hw8d0,14.88693618774414,2.4600000381469727
h3wqa1vr,14.88693618774414,2.4600000381469727
h55hewlg,14.88693618774414,2.4600000381469727
h61iaoim,12.166999816894531,2.299999952316284
h62myz9v,59.1782341003418,3.8969125747680664
h7u0s3kd,14.88693618774414,2.4600000381469727
hc8cah3g,13.78256893157959,2.397599935531616
hdcv4bkt,13.78256893157959,2.397599935531616
hdczp0nw,14.88693618774414,2.4600000381469727
hdiy4nrm,14.88693618774414,2.4600000381469727
hg5zmtga,59.1782341003418,3.8969125747680664
hie9ede1,59.1782341003418,3.8969125747680664
hkbm00e9,59.1782341003418,3.8969125747680664
hl88kzru,12.166999816894531,2.299999952316284
hn14eb87,14.88693618774414,2.4600000381469727
hr07n8vo,59.1782341003418,3.8969125747680664
hruu5e51,14.88693618774414,2.4600000381469727
hsao2qwk,46.30501937866211,3.5909500122070312
hsg04ajm,14.88693618774414,2.4600000381469727
ht2xz52o,59.1782341003418,3.8969125747680664
htfnsgpy,32.7629280090332,3.1998348236083984
hu97ng0a,14.88693618774414,2.4600000381469727
hukwqvr1,12.166999816894531,2.299999952316284
huxg2myr,14.88693618774414,2.4600000381469727
hv3a3zmf,14.88693618774414,2.4600000381469727
hwtek17m,14.88693618774414,2.4600000381469727
hxa7hy7a,35.84275436401367,3.2971127033233643
hz72kxsj,14.88693618774414,2.4600000381469727
i1nq0ei0,14.88693618774414,2.4600000381469727
i26lh07b,14.88693618774414,2.4600000381469727
i2ooq42n,59.1782341003418,3.8969125747680664
i33993n4,35.84275436401367,3.2971127033233643
i3pj7k99,16.0,2.5198421478271484
i9g5dzx5,12.166999816894531,2.299999952316284
i9nb74x2,2.996464729309082,1.4416828155517578
iaakytt3,12.166999816894531,2.299999952316284
iaw4otuo,14.88693618774414,2.4600000381469727
ibu4fmpk,12.166999816894531,2.299999952316284
ie3lvo0i,59.1782341003418,3.8969125747680664
ijkcu5x0,13.78256893157959,2.397599935531616
ilcg6far,13.78256893157959,2.397599935531616
imj70e3p,12.166999816894531,2.299999952316284
in3oeuvt,12.166999816894531,2.299999952316284
in9rg4xv,14.88693618774414,2.4600000381469727
inuxl39d,14.88693618774414,2.4600000381469727
irjutfvj,46.30501937866211,3.5909500122070312
isetuk1o,13.78256893157959,2.397599935531616
isutp04s,14.88693618774414,2.4600000381469727
ivh6t1nt,12.166999816894531,2.299999952316284
ivxan25w,59.1782341003418,3.8969125747680664
ix1cnaq2,14.88693618774414,2.4600000381469727
ixzareiy,12.166999816894531,2.299999952316284
izxtnsrt,14.88693618774414,2.4600000381469727
izzqy72w,59.10797119140625,3.8953697681427
j2h1tlom,14.88693618774414,2.4600000381469727
j35yrg29,14.88693618774414,2.4600000381469727
j36tcfkj,14.88693618774414,2.4600000381469727
j3muurmy,12.166999816894531,2.299999952316284
j49itn7s,59.10797119140625,3.8953697681427
j4pnjy1o,14.88693618774414,2.4600000381469727
j5ewfwbe,14.88693618774414,2.4600000381469727
j6ac4jrc,14.88693618774414,2.4600000381469727
j6vv8suo,59.1782341003418,3.8969125747680664
j7dpfssb,13.78256893157959,2.397599935531616
j7q4kfmm,14.88693618774414,2.4600000381469727
j84rx6pr,59.1782341003418,3.8969125747680664
j9hvchrm,13.78256893157959,2.397599935531616
jcns6g29,12.166999816894531,2.299999952316284
jcy127h6,59.1782341003418,3.8969125747680664
jd2v1l1v,14.88693618774414,2.4600000381469727
jd3ih66w,59.1782341003418,3.8969125747680664
jdcz1oa3,14.88693618774414,2.4600000381469727
jdn8ezp7,59.1782341003418,3.8969125747680664
jdx0pkov,13.78256893157959,2.397599935531616
je2ab2rv,14.88693618774414,2.4600000381469727
jedgfjdl,59.1782341003418,3.8969125747680664
jegqtoam,12.166999816894531,2.299999952316284
jeqa2o4m,14.88693618774414,2.4600000381469727
jeyn9382,8.826454162597656,2.066627025604248
jgzlma5u,7.932408332824707,1.9943513870239258
ji9kqdgb,12.166999816894531,2.299999952316284
jidknwi5,3.23372483253479,1.4787713289260864
jja26yfp,59.10797119140625,3.8953697681427
jjy4mzvm,14.88693618774414,2.4600000381469727
jks4i2nr,14.88693618774414,2.4600000381469727
jl6l91f4,59.1782341003418,3.8969125747680664
jmk4x1fd,13.78256893157959,2.397599935531616
joqw5dsk,12.166999816894531,2.299999952316284
jpx16f1k,14.88693618774414,2.4600000381469727
jq7w7jp6,14.88693618774414,2.4600000381469727
jtgq01te,12.166999816894531,2.299999952316284
juis2gy9,59.1782341003418,3.8969125747680664
juy0bvr6,59.10797119140625,3.8953697681427
jwtektsg,17.49798011779785,2.596147060394287
jwv2qnrm,14.88693618774414,2.4600000381469727
jxepq85j,14.88693618774414,2.4600000381469727
jz09owgm,14.88693618774414,2.4600000381469727
jz6us7rp,14.88693618774414,2.4600000381469727
jzm3618l,14.88693618774414,2.4600000381469727
jzv9nou3,59.1782341003418,3.8969125747680664
k0axycel,12.166999816894531,2.299999952316284
k0vm59m6,12.166999816894531,2.299999952316284
k1pbcd6f,14.88693618774414,2.4600000381469727
k2l0d1b4,12.166999816894531,2.299999952316284
k2vmwwyz,59.10797119140625,3.8953697681427
k30lvylk,12.166999816894531,2.299999952316284
k36m8jvh,14.88693618774414,2.4600000381469727
k3ny9v20,3.23372483253479,1.4787713289260864
k3tgmalw,14.88693618774414,2.4600000381469727
k5j42oi6,13.78256893157959,2.397599935531616
k63rvwoz,32.7629280090332,3.1998348236083984
k7orfqla,59.1782341003418,3.8969125747680664
k83tqll8,59.10797119140625,3.8953697681427
k8hup3ft,14.88693618774414,2.4600000381469727
k9tr74qg,8.615922927856445,2.050063133239746
k9w9pfb3,14.88693618774414,2.4600000381469727
kbp2qd6v,3.23372483253479,1.4787713289260864
kbrh7lay,12.166999816894531,2.299999952316284
kdc9x5jz,12.166999816894531,2.299999952316284
kdgigatj,59.10797119140625,3.8953697681427
kdts1fb2,59.1782341003418,3.8969125747680664
kduwtn5p,13.78256893157959,2.397599935531616
keh5sw22,12.166999816894531,2.299999952316284
kern6yjm,14.88693618774414,2.4600000381469727
kgeuidji,14.88693618774414,2.4600000381469727
kgmih6mv,59.1782341003418,3.8969125747680664
kh5840ac,14.88693618774414,2.4600000381469727
khf33guw,13.78256893157959,2.397599935531616
ki3x7995,59.1782341003418,3.8969125747680664
kjxjq5nv,14.88693618774414,2.4600000381469727
kkhzlm72,3.23372483253479,1.4787713289260864
kkv9rftm,59.10797119140625,3.8953697681427
kkzmpjrh,7.470725059509277,1.9548835754394531
kmalq5u6,59.1782341003418,3.8969125747680664
knl2luhh,14.88693618774414,2.4600000381469727
koefukpv,59.1782341003418,3.8969125747680664
kpk7yswn,14.88693618774414,2.4600000381469727
kps0dxme,59.1782341003418,3.8969125747680664
krzd5e9p,12.166999816894531,2.299999952316284
ktlzkj49,12.166999816894531,2.299999952316284
ktmqg6nx,14.88693618774414,2.4600000381469727
kvqywj85,59.1782341003418,3.8969125747680664
kwe4bx4l,14.88693618774414,2.4600000381469727
kz40aq15,59.1782341003418,3.8969125747680664
l28r5p03,13.78256893157959,2.397599935531616
l48c1cqg,14.88693618774414,2.4600000381469727
l51flmna,59.1782341003418,3.8969125747680664
l5u7nted,59.1782341003418,3.8969125747680664
l7jy7otk,35.84275436401367,3.2971127033233643
l8a78e9r,12.166999816894531,2.299999952316284
l9ln1p0v,14.88693618774414,2.4600000381469727
la8s8hmb,8.134467124938965,2.011143207550049
lb25485h,59.1782341003418,3.8969125747680664
lbpj8t22,59.1782341003418,3.8969125747680664
lcfr7cl6,14.88693618774414,2.4600000381469727
lctt058c,14.88693618774414,2.4600000381469727
lfzkicwm,14.88693618774414,2.4600000381469727
li076a3k,12.166999816894531,2.299999952316284
ljefy3zb,12.166999816894531,2.299999952316284
ll8sn5yz,14.88693618774414,2.4600000381469727
ll9rzrkb,13.78256893157959,2.397599935531616
llwb7sjw,14.88693618774414,2.4600000381469727
lm349el8,12.166999816894531,2.299999952316284
lnd581lt,14.88693618774414,2.4600000381469727
lo0hhgh5,35.84275436401367,3.2971127033233643
lorxdtg5,12.166999816894531,2.299999952316284
lqga3qup,14.88693618774414,2.4600000381469727
lslaym0w,14.88693618774414,2.4600000381469727
lt4q9bc2,59.1782341003418,3.8969125747680664
lu3ndz3c,59.1782341003418,3.8969125747680664
lu8wpfq2,59.1782341003418,3.8969125747680664
lurmw3uq,14.88693618774414,2.4600000381469727
lw0vs52s,14.88693618774414,2.4600000381469727
lx6dut07,13.571365356445312,2.3852899074554443
ly8ozcyw,59.10797119140625,3.8953697681427
lzn9uhjp,13.78256893157959,2.397599935531616
m0g8w85y,13.78256893157959,2.397599935531616
m0l2ljk4,12.166999816894531,2.299999952316284
m291azhz,14.88693618774414,2.4600000381469727
m3pp00cd,14.88693618774414,2.4600000381469727
m62hdxc6,14.88693618774414,2.4600000381469727
m72qlgdv,59.1782341003418,3.8969125747680664
m7pp0pnn,35.84275436401367,3.2971127033233643
m7vh30qb,14.88693618774414,2.4600000381469727
me8f8409,59.10797119140625,3.8953697681427
mf4nnkm9,59.1782341003418,3.8969125747680664
mg87oi0e,12.166999816894531,2.299999952316284
mgjcy4v8,13.78256893157959,2.397599935531616
mi6kti22,13.78256893157959,2.397599935531616
mjdimbm2,59.1782341003418,3.8969125747680664
mjdxo100,14.88693618774414,2.4600000381469727
mjsrd9q4,12.166999816894531,2.299999952316284
mk2zyzsi,59.1782341003418,3.8969125747680664
mkoh109z,13.78256893157959,2.397599935531616
mmxixv6c,59.1782341003418,3.8969125747680664
mpq0hzyj,14.88693618774414,2.4600000381469727
mpryfzmy,13.78256893157959,2.397599935531616
mqf7zk94,59.1782341003418,3.8969125747680664
msy3paua,14.88693618774414,2.4600000381469727
mts1egpg,13.78256893157959,2.397599935531616
mu7jae58,14.88693618774414,2.4600000381469727
mufm8zov,9.255245208740234,2.099565029144287
muzuqed0,14.88693618774414,2.4600000381469727
mv30qabx,59.1782341003418,3.8969125747680664
mvxpj4hn,59.10797119140625,3.8953697681427
mwu4cfil,14.88693618774414,2.4600000381469727
mwuecpnc,13.78256893157959,2.397599935531616
mxlvz4qk,59.1782341003418,3.8969125747680664
myx444nl,59.10797119140625,3.8953697681427
mz2k1ko6,13.78256893157959,2.397599935531616
mzsgipps,7.022883415222168,1.915013313293457
n2hloiki,14.88693618774414,2.4600000381469727
n3b8pfy4,14.88693618774414,2.4600000381469727
n3dkvr5n,14.88693618774414,2.4600000381469727
n8lfjdtv,12.166999816894531,2.299999952316284
n8lpy857,59.1782341003418,3.8969125747680664
n9wszv83,14.88693618774414,2.4600000381469727
na6u48gw,35.84275436401367,3.2971127033233643
nal3gywi,12.166999816894531,2.299999952316284
nawnga41,14.88693618774414,2.4600000381469727
nbhgfb2f,14.88693618774414,2.4600000381469727
ndfdw79w,14.88693618774414,2.4600000381469727
ndxjn7de,14.88693618774414,2.4600000381469727
nf7c3dd0,59.10797119140625,3.8953697681427
nffykpl3,59.1782341003418,3.8969125747680664
ngz6wmdw,59.1782341003418,3.8969125747680664
ni8tndfw,14.88693618774414,2.4600000381469727
njc2goui,14.88693618774414,2.4600000381469727
nkb4ehou,12.166999816894531,2.299999952316284
nklybwgm,14.88693618774414,2.4600000381469727
nl63gagu,13.78256893157959,2.397599935531616
nlhapwf5,14.88693618774414,2.4600000381469727
nmnr06dj,16.0,2.5198421478271484
nmwvsb0u,59.1782341003418,3.8969125747680664
noljq52w,12.166999816894531,2.299999952316284
nprb58yj,13.78256893157959,2.397599935531616
npsv8dkm,14.88693618774414,2.4600000381469727
nqetmni3,32.7629280090332,3.1998348236083984
nqjqijc1,12.166999816894531,2.299999952316284
nrlst548,14.88693618774414,2.4600000381469727
ntj5r2sl,14.88693618774414,2.4600000381469727
ntrfzwkx,12.166999816894531,2.299999952316284
nvg5vmf6,12.166999816894531,2.299999952316284
nwnguczh,59.1782341003418,3.8969125747680664
ny181acj,12.166999816894531,2.299999952316284
nz1udbfw,7.865620136260986,1.9887384176254272
nz3a8v4x,59.1782341003418,3.8969125747680664
nzy47quu,14.88693618774414,2.4600000381469727
o091c795,14.88693618774414,2.4600000381469727
o2nqw4c6,59.1782341003418,3.8969125747680664
o30ubmc9,12.166999816894531,2.299999952316284
o31nzsxp,14.88693618774414,2.4600000381469727
o4jnmyk8,14.88693618774414,2.4600000381469727
o4rq3q7g,14.88693618774414,2.4600000381469727
o4z533zs,59.1782341003418,3.8969125747680664
o67bxcd2,13.78256893157959,2.397599935531616
o6l1f90s,12.166999816894531,2.299999952316284
o7vbhh5o,59.1782341003418,3.8969125747680664
o8e7flqh,12.166999816894531,2.299999952316284
oa2vcywl,13.78256893157959,2.397599935531616
oa35qbb3,13.78256893157959,2.397599935531616
oafn33vm,13.78256893157959,2.397599935531616
oau8p1wk,13.78256893157959,2.397599935531616
ob5apo4l,59.1782341003418,3.8969125747680664
ods1eeur,14.88693618774414,2.4600000381469727
odsx4nxv,12.166999816894531,2.299999952316284
ofkjw6ny,59.1782341003418,3.8969125747680664
ofn1r4kz,12.166999816894531,2.299999952316284
ofwb0hpm,8.202384948730469,2.0167250633239746
ogwlacol,59.1782341003418,3.8969125747680664
oi5j8yit,59.1782341003418,3.8969125747680664
oi9wm1sa,35.84275436401367,3.2971127033233643
oiq2q4qe,12.166999816894531,2.299999952316284
ojrpp7r9,59.1782341003418,3.8969125747680664
ojtxcf0k,14.88693618774414,2.4600000381469727
oln3eh1v,59.1782341003418,3.8969125747680664
om2zkf5b,13.78256893157959,2.397599935531616
omrde51k,14.88693618774414,2.4600000381469727
omtzzf8a,14.88693618774414,2.4600000381469727
omuwahk2,14.88693618774414,2.4600000381469727
on8uujs7,59.1782341003418,3.8969125747680664
onxd70fe,59.1782341003418,3.8969125747680664
oop767j2,14.88693618774414,2.4600000381469727
oq8jxlfi,14.88693618774414,2.4600000381469727
oqw9ja2m,7.086000442504883,1.9207332134246826
oriq8hke,14.88693618774414,2.4600000381469727
ork1djrw,59.1782341003418,3.8969125747680664
os6zle6k,12.166999816894531,2.299999952316284
os9xtogn,59.10797119140625,3.8953697681427
othlqh7p,13.796365737915039,2.398399829864502
oufhw8wl,14.88693618774414,2.4600000381469727
ouhylu6k,14.88693618774414,2.4600000381469727
ouz1egnt,59.1782341003418,3.8969125747680664
owt9nm3v,14.88693618774414,2.4600000381469727
oyc3rwqm,14.88693618774414,2.4600000381469727
p00nqohn,14.88693618774414,2.4600000381469727
p3frb7ei,16.0,2.5198421478271484
p3lyex3s,59.1782341003418,3.8969125747680664
p6mkt7s1,59.1782341003418,3.8969125747680664
p6nlnqbu,59.1782341003418,3.8969125747680664
p8hqmabs,3.1735734939575195,1.4695448875427246
p97bmzrr,59.1782341003418,3.8969125747680664
p9a9uri7,14.88693618774414,2.4600000381469727
p9lbsmwp,13.78256893157959,2.397599935531616
p9w4j66c,12.166999816894531,2.299999952316284
pbhsahxt,14.88693618774414,2.4600000381469727
pcaduvl9,13.796365737915039,2.398399829864502
pceo934t,13.78256893157959,2.397599935531616
peqydbpg,14.88693618774414,2.4600000381469727
pfdrwb2s,14.88693618774414,2.4600000381469727
pfg8pjvr,59.1782341003418,3.8969125747680664
pgyvyv2g,14.88693618774414,2.4600000381469727
piqnhqe8,13.78256893157959,2.397599935531616
pjq50xcx,14.88693618774414,2.4600000381469727
pk0qtl3q,7.6667585372924805,1.9718350172042847
pkianouo,14.88693618774414,2.4600000381469727
pkyrybov,7.3413848876953125,1.9435362815856934
pnf8f3gr,14.88693618774414,2.4600000381469727
pnsm43d8,59.10797119140625,3.8953697681427
po6j0m3l,14.88693618774414,2.4600000381469727
pocr0vhv,14.88693618774414,2.4600000381469727
ppbmqiyf,59.1782341003418,3.8969125747680664
pr424tkb,59.1782341003418,3.8969125747680664
psaldnj7,14.88693618774414,2.4600000381469727
pthowq1g,59.1782341003418,3.8969125747680664
ptkezjss,14.88693618774414,2.4600000381469727
pu3et1ov,14.88693618774414,2.4600000381469727
pw2gkqra,59.1782341003418,3.8969125747680664
pwbsf3q0,14.88693618774414,2.4600000381469727
pwh0mx1e,14.88693618774414,2.4600000381469727
q10f7ia4,16.0,2.5198421478271484
q3b9so0u,14.88693618774414,2.4600000381469727
q3jzr25m,14.88693618774414,2.4600000381469727
q5l2xoio,59.1782341003418,3.8969125747680664
q5v7c6s5,12.166999816894531,2.299999952316284
q77z4es3,14.88693618774414,2.4600000381469727
q7jbmjm1,13.78256893157959,2.397599935531616
q82k8ryq,13.78256893157959,2.397599935531616
q97rcq6w,14.88693618774414,2.4600000381469727
q9wfb76a,14.88693618774414,2.4600000381469727
qaelyyzz,59.1782341003418,3.8969125747680664
qbvtdg3c,14.88693618774414,2.4600000381469727
qcyd52al,14.88693618774414,2.4600000381469727
qesux9l0,13.78256893157959,2.397599935531616
qfaf5kci,14.88693618774414,2.4600000381469727
qfcpk7pw,14.88693618774414,2.4600000381469727
qgm5v2ww,59.1782341003418,3.8969125747680664
qi2clp81,59.1782341003418,3.8969125747680664
qimqodpx,59.10797119140625,3.8953697681427
qiv929se,14.88693618774414,2.4600000381469727
qjicjdan,12.166999816894531,2.299999952316284
qkbhb7s9,8.066831588745117,2.005553722381592
qmvqwpqo,59.1782341003418,3.8969125747680664
qo1vsmad,12.166999816894531,2.299999952316284
qoq4kreg,14.88693618774414,2.4600000381469727
qpgb7r3o,3.23372483253479,1.4787713289260864
qqyzqii4,14.88693618774414,2.4600000381469727
qtxhi15c,12.166999816894531,2.299999952316284
qu7dknnc,14.88693618774414,2.4600000381469727
quakx6wb,13.78256893157959,2.397599935531616
qvdk6drn,13.78256893157959,2.397599935531616
qvindh4s,14.88693618774414,2.4600000381469727
qw3b4nth,14.88693618774414,2.4600000381469727
qwnrhzn4,14.88693618774414,2.4600000381469727
qx1um55f,14.88693618774414,2.4600000381469727
qxiwe6rg,32.7629280090332,3.1998348236083984
qxmcthph,12.166999816894531,2.299999952316284
qyezg52k,59.1782341003418,3.8969125747680664
qyz6y3z1,14.88693618774414,2.4600000381469727
qzcuctsu,12.166999816894531,2.299999952316284
r0jy32ho,59.1782341003418,3.8969125747680664
r17dpubk,13.78256893157959,2.397599935531616
r1necqor,59.1782341003418,3.8969125747680664
r2f5t82d,13.78256893157959,2.397599935531616
r39iixha,14.88693618774414,2.4600000381469727
r5rup13w,59.1782341003418,3.8969125747680664
r5xqt4p5,3.23372483253479,1.4787713289260864
r6f7qnez,59.1782341003418,3.8969125747680664
r6yo6z1t,59.1782341003418,3.8969125747680664
r8wm9lbb,59.1782341003418,3.8969125747680664
r9tjq8zg,14.88693618774414,2.4600000381469727
rdmly4ly,59.10797119140625,3.8953697681427
re4v9kyp,59.1782341003418,3.8969125747680664
rem5puu6,59.1782341003418,3.8969125747680664
rf5a7qy8,14.88693618774414,2.4600000381469727
rgybxkpm,59.1782341003418,3.8969125747680664
rijkq2zu,14.88693618774414,2.4600000381469727
riuu9k9x,59.10797119140625,3.8953697681427
rlqiob0n,14.88693618774414,2.4600000381469727
rm6dfhg6,59.1782341003418,3.8969125747680664
rm6j8y6r,14.88693618774414,2.4600000381469727
ro8bnp84,59.10797119140625,3.8953697681427
rontdi9o,14.88693618774414,2.4600000381469727
royr6ccv,59.10797119140625,3.8953697681427
rpkzggm0,14.88693618774414,2.4600000381469727
rqlnzzrj,59.1782341003418,3.8969125747680664
rqq5qob8,14.88693618774414,2.4600000381469727
rrdnwt2f,14.88693618774414,2.4600000381469727
rrpzlk3e,12.166999816894531,2.299999952316284
rsezytkw,59.1782341003418,3.8969125747680664
runjdu0i,12.166999816894531,2.299999952316284
ruw0u92t,14.88693618774414,2.4600000381469727
rv0lg92m,14.88693618774414,2.4600000381469727
rw4vnzvz,14.88693618774414,2.4600000381469727
rw6tm2o0,14.88693618774414,2.4600000381469727
rwk8r2yk,6.773240089416504,1.8920481204986572
rwr965r9,14.88693618774414,2.4600000381469727
rwskp6rf,59.1782341003418,3.8969125747680664
rxdouadv,12.166999816894531,2.299999952316284
rxgkikr2,14.88693618774414,2.4600000381469727
ryg9rdpx,59.1782341003418,3.8969125747680664
ryozdppb,13.78256893157959,2.397599935531616
s0iuduah,59.1782341003418,3.8969125747680664
s1k9ye9o,3.23372483253479,1.4787713289260864
s4dilrzq,14.88693618774414,2.4600000381469727
s62c1jlo,14.88693618774414,2.4600000381469727
s73w1yau,14.88693618774414,2.4600000381469727
s8314y2l,59.1782341003418,3.8969125747680664
s8nn16ux,14.88693618774414,2.4600000381469727
sajhjxqk,14.88693618774414,2.4600000381469727
sb5iqnf7,12.166999816894531,2.299999952316284
scnx8eiq,14.88693618774414,2.4600000381469727
se99f77l,14.88693618774414,2.4600000381469727
sexggoc5,59.1782341003418,3.8969125747680664
sfn07ea2,14.88693618774414,2.4600000381469727
sg65kxvf,14.88693618774414,2.4600000381469727
sgfdk0q0,13.78256893157959,2.397599935531616
shkoecub,14.88693618774414,2.4600000381469727
sigbiaf9,14.88693618774414,2.4600000381469727
slg6mm1z,3.23372483253479,1.4787713289260864
smzocxmz,13.78256893157959,2.397599935531616
snbti22n,14.88693618774414,2.4600000381469727
soyg9zqy,14.88693618774414,2.4600000381469727
spofv177,12.166999816894531,2.299999952316284
spxlseun,14.88693618774414,2.4600000381469727
sq0oxfq8,59.10797119140625,3.8953697681427
sq0p82kb,14.88693618774414,2.4600000381469727
srl3vzzx,14.88693618774414,2.4600000381469727
swbkok3q,14.88693618774414,2.4600000381469727
swjjjksl,14.88693618774414,2.4600000381469727
swk8temp,59.1782341003418,3.8969125747680664
sxvwvm4w,12.166999816894531,2.299999952316284
szdximyn,12.166999816894531,2.299999952316284
t1ghr09s,59.10797119140625,3.8953697681427
t2m6twd1,12.166999816894531,2.299999952316284
t2pnjka3,14.88693618774414,2.4600000381469727
t63j3r30,59.10797119140625,3.8953697681427
t64z7w2s,8.066831588745117,2.005553722381592
t7o75rh8,3.23372483253479,1.4787713289260864
t7zewviy,7.732697486877441,1.9774720668792725
t860x5zu,59.1782341003418,3.8969125747680664
t8cq1xgb,59.1782341003418,3.8969125747680664
t8hdpwvb,13.78256893157959,2.397599935531616
t9gwa44l,14.88693618774414,2.4600000381469727
t9nt3w5u,14.88693618774414,2.4600000381469727
t9qubwrp,14.88693618774414,2.4600000381469727
ta5ivroc,14.88693618774414,2.4600000381469727
tb9xxayp,12.166999816894531,2.299999952316284
tg21hslt,14.88693618774414,2.4600000381469727
thet25lz,14.88693618774414,2.4600000381469727
thsjr0fz,14.88693618774414,2.4600000381469727
tirc9zd7,12.166999816894531,2.299999952316284
tkf6xdn8,14.88693618774414,2.4600000381469727
tlcqfmui,14.88693618774414,2.4600000381469727
tmofmmwi,14.88693618774414,2.4600000381469727
tn29tnyf,14.88693618774414,2.4600000381469727
to7d835k,14.88693618774414,2.4600000381469727
tow4ycz0,12.166999816894531,2.299999952316284
tp7bd4w1,59.1782341003418,3.8969125747680664
trd83x9a,86.32744598388672,4.419600009918213
trp0j43d,59.10797119140625,3.8953697681427
trpyx8hb,13.78256893157959,2.397599935531616
ttqlgzui,59.10797119140625,3.8953697681427
twbozd1a,7.470725059509277,1.9548835754394531
twdl9zs1,9.11100959777832,2.0886011123657227
txrgn74f,14.88693618774414,2.4600000381469727
txsnhft4,14.88693618774414,2.4600000381469727
txuyucec,59.1782341003418,3.8969125747680664
u47soczd,13.78256893157959,2.397599935531616
u4bawz94,59.1782341003418,3.8969125747680664
u58ftyla,14.88693618774414,2.4600000381469727
u5wryesu,59.1782341003418,3.8969125747680664
u6hc36ko,59.10797119140625,3.8953697681427
u6u4pllg,14.88693618774414,2.4600000381469727
u7bfxq7b,59.1782341003418,3.8969125747680664
u8el5015,14.88693618774414,2.4600000381469727
u8iogxpb,12.166999816894531,2.299999952316284
ub4o47en,13.78256893157959,2.397599935531616
uc9pbtyj,14.88693618774414,2.4600000381469727
ude358tr,32.7629280090332,3.1998348236083984
udktmonr,12.166999816894531,2.299999952316284
uefz1c25,14.88693618774414,2.4600000381469727
uew9g6sp,13.78256893157959,2.397599935531616
uf8cyotw,35.84275436401367,3.2971127033233643
ufu6py06,59.1782341003418,3.8969125747680664
uh17j8qo,14.88693618774414,2.4600000381469727
uhgpjnvw,14.88693618774414,2.4600000381469727
ui1jlmfl,14.88693618774414,2.4600000381469727
uij0yxiy,14.88693618774414,2.4600000381469727
ujq6fx7x,14.88693618774414,2.4600000381469727
ujv6oh9s,14.88693618774414,2.4600000381469727
ukx496k4,13.78256893157959,2.397599935531616
ul6lgjlp,14.88693618774414,2.4600000381469727
ulp98rl9,14.88693618774414,2.4600000381469727
unqr8o1k,14.88693618774414,2.4600000381469727
unvsdkv5,13.78256893157959,2.397599935531616
uoay12tl,14.88693618774414,2.4600000381469727
uov51zlb,14.88693618774414,2.4600000381469727
upcj8mo7,14.88693618774414,2.4600000381469727
upfln4rx,12.166999816894531,2.299999952316284
upmanqy0,14.88693618774414,2.4600000381469727
urid3u94,13.78256893157959,2.397599935531616
urvqt3g8,14.88693618774414,2.4600000381469727
uug95rlr,12.166999816894531,2.299999952316284
uyluyhet,13.78256893157959,2.397599935531616
uz2z0kdn,16.0,2.5198421478271484
v01zderi,14.88693618774414,2.4600000381469727
v0dszrk6,13.78256893157959,2.397599935531616
v1fkhnnk,14.88693618774414,2.4600000381469727
v1mzb3i4,59.1782341003418,3.8969125747680664
v1zocfi4,12.166999816894531,2.299999952316284
v23gxj0m,14.88693618774414,2.4600000381469727
v28ue1my,14.88693618774414,2.4600000381469727
v2y4xkss,12.166999816894531,2.299999952316284
v3dr2h2p,59.1782341003418,3.8969125747680664
v3s2sumh,14.88693618774414,2.4600000381469727
v4kfq5dz,13.78256893157959,2.397599935531616
v5g10ur5,12.166999816894531,2.299999952316284
v78hu7f0,12.166999816894531,2.299999952316284
v84fc3xq,59.1782341003418,3.8969125747680664
v9cng8ta,35.84275436401367,3.2971127033233643
v9ibwgt2,59.1782341003418,3.8969125747680664
va02dz61,14.88693618774414,2.4600000381469727
va5e742g,14.88693618774414,2.4600000381469727
vb99rwtf,13.78256893157959,2.397599935531616
vbgr8w2m,59.1782341003418,3.8969125747680664
vbjfvyb6,12.166999816894531,2.299999952316284
vbjrbzjw,14.88693618774414,2.4600000381469727
vdz4x1zh,59.10797119140625,3.8953697681427
vf02gvll,14.88693618774414,2.4600000381469727
vffqot8h,12.166999816894531,2.299999952316284
vfua9bq1,59.1782341003418,3.8969125747680664
vgww4fyb,16.711631774902344,2.556659698486328
vhdk8lw2,12.166999816894531,2.299999952316284
vhmygty3,14.88693618774414,2.4600000381469727
vi109dcn,59.1782341003418,3.8969125747680664
vitwu3bf,14.88693618774414,2.4600000381469727
vl7fq8ab,14.88693618774414,2.4600000381469727
vmb0idd0,14.88693618774414,2.4600000381469727
vmsr75rm,14.88693618774414,2.4600000381469727
vqa7izq2,16.0,2.5198421478271484
vrnegn2b,14.88693618774414,2.4600000381469727
vt997e4u,12.166999816894531,2.299999952316284
vtn4ypkw,13.78256893157959,2.397599935531616
vv4zwl3z,14.88693618774414,2.4600000381469727
vwlq6exn,14.88693618774414,2.4600000381469727
vwrb7f6f,12.166999816894531,2.299999952316284
vwwusxlm,14.88693618774414,2.4600000381469727
vyb4xz3m,86.32744598388672,4.419600009918213
vycs44ph,59.1782341003418,3.8969125747680664
vz01sosr,46.30501937866211,3.5909500122070312
vzhqjy62,14.88693618774414,2.4600000381469727
vzme9wt0,35.84275436401367,3.2971127033233643
w165aejt,14.88693618774414,2.4600000381469727
w2eowlcf,59.1782341003418,3.8969125747680664
w3stt1eq,59.1782341003418,3.8969125747680664
w3zp08j3,59.10797119140625,3.8953697681427
w41f7v4k,14.88693618774414,2.4600000381469727
w5apmxd6,14.88693618774414,2.4600000381469727
w5wfcpkj,3.23372483253479,1.4787713289260864
w69hzgop,59.1782341003418,3.8969125747680664
w6ozx25q,14.88693618774414,2.4600000381469727
w7j35vlw,14.88693618774414,2.4600000381469727
w9heyce4,59.1782341003418,3.8969125747680664
w9myyoke,59.1782341003418,3.8969125747680664
waj1g1r1,12.166999816894531,2.299999952316284
wct8jbbs,13.78256893157959,2.397599935531616
wcyuknd1,59.1782341003418,3.8969125747680664
wdcokz5s,13.78256893157959,2.397599935531616
we4c1v47,13.78256893157959,2.397599935531616
weehwjq4,14.88693618774414,2.4600000381469727
wh50jyoo,35.84275436401367,3.2971127033233643
whef0vot,12.166999816894531,2.299999952316284
whvnzh13,12.166999816894531,2.299999952316284
wkzirnk6,59.1782341003418,3.8969125747680664
wlxdsc4e,14.88693618774414,2.4600000381469727
wm9q7ftm,35.84275436401367,3.2971127033233643
wmbxek0q,59.1782341003418,3.8969125747680664
wnnhj7xv,14.88693618774414,2.4600000381469727
wpj8yi34,14.88693618774414,2.4600000381469727
wpr97y2l,12.166999816894531,2.299999952316284
ws1zl7p7,14.88693618774414,2.4600000381469727
wujt4ftl,14.88693618774414,2.4600000381469727
wvpunwcg,13.78256893157959,2.397599935531616
wwiif86l,14.88693618774414,2.4600000381469727
wx0i3a4k,13.78256893157959,2.397599935531616
wzr04hhe,14.88693618774414,2.4600000381469727
x23veulj,14.88693618774414,2.4600000381469727
x2bfibjz,59.1782341003418,3.8969125747680664
x4w6xlpu,59.10797119140625,3.8953697681427
x5fl2mox,14.88693618774414,2.4600000381469727
x74d0gjy,12.166999816894531,2.299999952316284
x7m2mm4p,13.78256893157959,2.397599935531616
x7ptx63c,59.10797119140625,3.8953697681427
xaa2ilgb,59.10797119140625,3.8953697681427
xaji0y6d,14.88693618774414,2.4600000381469727
xb4y4k7b,14.88693618774414,2.4600000381469727
xd9css9t,8.755993843078613,2.061113119125366
xfgcaqvk,59.10797119140625,3.8953697681427
xfshwzsj,14.88693618774414,2.4600000381469727
xg0trky8,13.78256893157959,2.397599935531616
xgmpw5d3,12.166999816894531,2.299999952316284
xhw0ic1l,14.88693618774414,2.4600000381469727
xid4n1u3,7.405913829803467,1.949214220046997
xjn6fokz,12.166999816894531,2.299999952316284
xjve3dze,12.166999816894531,2.299999952316284
xkc5i8xo,59.1782341003418,3.8969125747680664
xkdq95g3,14.88693618774414,2.4600000381469727
xlzs49cd,14.88693618774414,2.4600000381469727
xmdkrlc0,13.78256893157959,2.397599935531616
xmxb9yo1,12.166999816894531,2.299999952316284
xnofg780,14.88693618774414,2.4600000381469727
xnoq37kt,14.88693618774414,2.4600000381469727
xnqxu71s,13.78256893157959,2.397599935531616
xp9n56ny,12.166999816894531,2.299999952316284
xphx2kbv,14.88693618774414,2.4600000381469727
xpk48ab1,13.78256893157959,2.397599935531616
xpnmjqy3,12.166999816894531,2.299999952316284
xrjm4t8b,59.1782341003418,3.8969125747680664
xsy4vy32,16.0,2.5198421478271484
xtxmgtt0,12.166999816894531,2.299999952316284
xuj3ac6p,12.166999816894531,2.299999952316284
xva1nkbt,14.88693618774414,2.4600000381469727
xvh7katq,59.1782341003418,3.8969125747680664
xvhagkc4,12.166999816894531,2.299999952316284
xw6t1oxh,32.7629280090332,3.1998348236083984
xyjoa21a,12.166999816894531,2.299999952316284
xyvgiui9,10.626787185668945,2.198538064956665
xyzx9jpn,12.166999816894531,2.299999952316284
y08p0fod,59.10797119140625,3.8953697681427
y0bhf0ri,13.78256893157959,2.397599935531616
y36ddfgs,12.166999816894531,2.299999952316284
y3rztplc,59.1782341003418,3.8969125747680664
y4kl9ary,13.78256893157959,2.397599935531616
y4x41dnt,12.166999816894531,2.299999952316284
y595cpjz,14.88693618774414,2.4600000381469727
y72ivgly,12.166999816894531,2.299999952316284
yar821uz,3.23372483253479,1.4787713289260864
yb7w8p74,14.88693618774414,2.4600000381469727
yc3s0dpj,14.88693618774414,2.4600000381469727
yczu80zr,14.88693618774414,2.4600000381469727
yd82795e,12.166999816894531,2.299999952316284
ydmt8vt4,12.166999816894531,2.299999952316284
ydshlv76,59.1782341003418,3.8969125747680664
ye0qzsa7,14.88693618774414,2.4600000381469727
yh36motc,13.78256893157959,2.397599935531616
yiej9c0u,59.1782341003418,3.8969125747680664
yj38xrg2,12.166999816894531,2.299999952316284
yj3d6m1f,13.78256893157959,2.397599935531616
yjoaoejv,14.88693618774414,2.4600000381469727
yjxrpj1e,8.066831588745117,2.005553722381592
ymenvg3k,12.166999816894531,2.299999952316284
ymyrsvzn,14.88693618774414,2.4600000381469727
yntl2ug0,14.88693618774414,2.4600000381469727
yo4rcb1k,12.166999816894531,2.299999952316284
yotos87m,14.88693618774414,2.4600000381469727
ysxpnngh,8.202384948730469,2.0167250633239746
yt8qzpky,12.166999816894531,2.299999952316284
yt91qe37,14.88693618774414,2.4600000381469727
ytjuq7x7,59.1782341003418,3.8969125747680664
yu6vk0uc,14.88693618774414,2.4600000381469727
yv37dia5,59.10797119140625,3.8953697681427
yvdqbsxl,14.88693618774414,2.4600000381469727
yx9trflq,12.166999816894531,2.299999952316284
yxdw2zcf,12.166999816894531,2.299999952316284
yxfiblej,59.1782341003418,3.8969125747680664
yxyur4so,59.1782341003418,3.8969125747680664
yydu3asn,59.1782341003418,3.8969125747680664
z15bcw79,59.10797119140625,3.8953697681427
z1r2roik,14.88693618774414,2.4600000381469727
z3jbck88,14.88693618774414,2.4600000381469727
z4ppj590,14.88693618774414,2.4600000381469727
z5gf3bbt,35.84275436401367,3.2971127033233643
z6d86zch,32.7629280090332,3.1998348236083984
z6v7s7o4,14.88693618774414,2.4600000381469727
z74lav71,12.166999816894531,2.299999952316284
z79hqtyl,14.88693618774414,2.4600000381469727
z7cn0eqw,13.78256893157959,2.397599935531616
zbc7qk4k,16.0,2.5198421478271484
zbikcidk,14.88693618774414,2.4600000381469727
zeeqnsn2,14.88693618774414,2.4600000381469727
zegbl2qg,59.1782341003418,3.8969125747680664
zeryf099,14.88693618774414,2.4600000381469727
zge2j51b,12.166999816894531,2.299999952316284
zhdv5ojz,14.88693618774414,2.4600000381469727
zhh3o5ur,59.1782341003418,3.8969125747680664
zjnvc7hr,14.88693618774414,2.4600000381469727
zm32hzs3,14.88693618774414,2.4600000381469727
zn1f0fp8,14.88693618774414,2.4600000381469727
znvp8gmn,59.1782341003418,3.8969125747680664
zppep69n,13.78256893157959,2.397599935531616
zq48enwb,13.78256893157959,2.397599935531616
zsb6zwkh,14.88693618774414,2.4600000381469727
zu4ns7nv,14.88693618774414,2.4600000381469727
zublekvl,59.1782341003418,3.8969125747680664
zuj2xorv,59.1782341003418,3.8969125747680664
zw0ldalm,12.166999816894531,2.299999952316284
zwd0w9ry,14.88693618774414,2.4600000381469727
zwffhhcm,12.166999816894531,2.299999952316284
zxskoytk,59.1782341003418,3.8969125747680664
zy1uu9ym,12.166999816894531,2.299999952316284
