feature_set,model,calibration,n_features,cv_type,n_folds,auc,logloss,brier,accuracy,f1,site_auc_mean,site_auc_std,site_logloss_mean,site_logloss_std,elapsed
SBR,LR,raw,92,site_aware,5,0.826551735396872,0.576956897512344,0.17333488279642326,0.7613803230543319,0.7744621790423317,0.8313947133640733,0.11838799666616533,0.7576855924292383,0.4612530287884072,1.113678216934204
SBR,LR,platt,92,site_aware,5,0.8027883893296763,0.5528992378902584,0.18332977958270924,0.7547723935389133,0.7761394101876675,0.8313947133640733,0.11838799666616533,0.6194350394847015,0.19462502071487467,1.113678216934204
SBR,LR,isotonic,92,site_aware,5,0.796185283137972,0.5705566787973066,0.1845134820213222,0.7474302496328928,0.7591036414565826,0.8054450267727014,0.11736443994701994,0.7611468371259968,0.41072133161507085,1.113678216934204
SBR,LR,temp,92,site_aware,5,0.8234303065922225,0.5529063590735722,0.18032601216620783,0.7613803230543319,0.7744621790423317,0.8313947133640733,0.11838799666616533,0.6069052683348743,0.2243601073605882,1.113678216934204
SBR,LR,gamma,92,site_aware,5,0.8262448166650341,0.5304350585384314,0.1717343727789388,0.7613803230543319,0.7744621790423317,0.8313947133640733,0.11838799666616533,0.6066233534180391,0.23377691631293857,1.113678216934204
SBR,Ridge,raw,92,site_aware,5,0.8428859067707143,0.558650111499722,0.1816222788214946,0.7745961820851689,0.7863604732080723,0.8489204540052706,0.100585931029882,0.6000086884699928,0.17970227572154218,0.3348197937011719
SBR,Ridge,platt,92,site_aware,5,0.8129841860667603,0.5964204797481738,0.20302217732973918,0.7481644640234949,0.783596214511041,0.8489204540052706,0.100585931029882,0.5954375472034517,0.1041406037325708,0.3348197937011719
SBR,Ridge,isotonic,92,site_aware,5,0.8078612553193806,0.5279473074956542,0.17371587131946092,0.7525697503671072,0.7494423791821562,0.8237193587527292,0.11315232948847369,0.6306923439763346,0.24602161012724041,0.3348197937011719
SBR,Ridge,temp,92,site_aware,5,0.8313057106474679,0.6057302131583506,0.20204000844516726,0.7745961820851689,0.7863604732080723,0.8489204540052706,0.100585931029882,0.5939214868438428,0.23291716476787253,0.3348197937011719
SBR,Ridge,gamma,92,site_aware,5,0.8294076033129809,0.5867442565394515,0.19417534098531272,0.7745961820851689,0.7863604732080723,0.8489204540052706,0.100585931029882,0.58511238715637,0.22718239590803505,0.3348197937011719
SBR,ET,raw,92,site_aware,5,0.8076642613815697,0.5589907856352094,0.18817731419353015,0.7165932452276065,0.7062404870624048,0.864211898987407,0.08645830320620601,0.5106746680563238,0.1074715992530892,13.983365058898926
SBR,ET,platt,92,site_aware,5,0.764279883762693,0.5914443674825436,0.20290212330501156,0.6864904552129222,0.6880934989043097,0.864211898987407,0.08645830320620601,0.552290374983597,0.12766754312036926,13.983365058898926
SBR,ET,isotonic,92,site_aware,5,0.7749697978907499,0.6365545129461121,0.19845368256706278,0.7276064610866373,0.7421820708825573,0.8560362070753035,0.09025279952529712,0.5431327338971503,0.21191670909287283,13.983365058898926
SBR,ET,temp,92,site_aware,5,0.807603312980921,0.5428177153327709,0.18331362038792642,0.7165932452276065,0.7062404870624048,0.864211898987407,0.08645830320620601,0.4816850941471971,0.13087527151862194,13.983365058898926
SBR,ET,gamma,92,site_aware,5,0.807603312980921,0.5428177167242877,0.18331362311953195,0.7165932452276065,0.7062404870624048,0.864211898987407,0.08645830320620601,0.48168512245902306,0.1308752667100491,13.983365058898926
SBR,XGB,raw,92,site_aware,5,0.8209967240234651,0.6055822977510343,0.18879697803969675,0.7474302496328928,0.7514450867052023,0.8620569075282646,0.07873288575620235,0.5634359112866146,0.24979597046005456,33.786534786224365
SBR,XGB,platt,92,site_aware,5,0.791983108586106,0.5559372991897535,0.18581696410024914,0.7393538913362702,0.7476901208244492,0.8620569075282646,0.07873288575620235,0.5286981176192509,0.1550866498760316,33.786534786224365
SBR,XGB,isotonic,92,site_aware,5,0.8054450865793799,0.5630220485103359,0.18060200094823453,0.7121879588839941,0.6893819334389857,0.8571925514822926,0.08396901849005245,0.5488427048140054,0.2362229558458469,33.786534786224365
SBR,XGB,temp,92,site_aware,5,0.819986721955573,0.5215332890570549,0.17305176943017717,0.7474302496328928,0.7514450867052023,0.8620569075282646,0.07873288575620235,0.48690680442085493,0.1429527654613455,33.786534786224365
SBR,XGB,gamma,92,site_aware,5,0.8210097843950327,0.5174471046064342,0.17225092507406128,0.7474302496328928,0.7514450867052023,0.8620569075282646,0.07873288575620235,0.48620593226889486,0.1430896093161423,33.786534786224365
SBR,LGB,raw,92,site_aware,5,0.8320653889269816,0.5504923446269464,0.17581091337052032,0.7547723935389133,0.7569141193595342,0.8850607318154593,0.09160606085475113,0.4866254856267579,0.2048389689488075,17.758960723876953
SBR,LGB,platt,92,site_aware,5,0.8088679922943808,0.5378715138024022,0.17832205732988946,0.7481644640234949,0.7527036770007209,0.8850607318154593,0.09160606085475113,0.49461163595909063,0.148119630045467,17.758960723876953
SBR,LGB,isotonic,92,site_aware,5,0.8153655271492475,0.5646263450488419,0.18146271007924847,0.7540381791483113,0.7498132935026139,0.8695661650346148,0.08883469975130384,0.5255405642537012,0.2169390312550408,17.758960723876953
SBR,LGB,temp,92,site_aware,5,0.8320784492985492,0.5020938767500697,0.1661560273693781,0.7547723935389133,0.7569141193595342,0.8850607318154593,0.09160606085475113,0.4613567917511479,0.14118480074400386,17.758960723876953
SBR,LGB,gamma,92,site_aware,5,0.8320784492985492,0.5020939093489228,0.1661560306230543,0.7547723935389133,0.7569141193595342,0.8850607318154593,0.09160606085475113,0.4613567881170527,0.14118476209155198,17.758960723876953
SBR_PHYS,LR,raw,201,site_aware,5,0.7691775231005322,0.9937005965602733,0.2301933746922519,0.7063142437591777,0.7187060478199718,0.8306176091663756,0.1361297015207792,1.080750460523425,0.5128326516319823,2.166928768157959
SBR_PHYS,LR,platt,201,site_aware,5,0.739545716742308,0.6021187087025675,0.20537860470310115,0.7165932452276065,0.7359781121751026,0.8306176091663756,0.1361297015207792,0.7255850551785266,0.2440346745187434,2.166928768157959
SBR_PHYS,LR,isotonic,201,site_aware,5,0.7310412381232246,0.6201633705404933,0.20647481112410138,0.6886930983847284,0.7177097203728362,0.809180350076548,0.12557811852903314,0.8018541069271444,0.34586184669965786,2.166928768157959
SBR_PHYS,LR,temp,201,site_aware,5,0.7668255678540721,0.6126890485232109,0.20143117458824472,0.7063142437591777,0.7187060478199718,0.8306165496198614,0.13612997771845348,0.6982713659156948,0.23127450881168804,2.166928768157959
SBR_PHYS,LR,gamma,201,site_aware,5,0.7691775231005322,0.6722316486943642,0.20727501320262498,0.7063142437591777,0.7187060478199718,0.8306165496198614,0.13612997771845348,0.7434554620735878,0.2563812870202973,2.166928768157959
SBR_PHYS,Ridge,raw,201,site_aware,5,0.7348309226064148,0.652073475978595,0.2117411434129765,0.7026431718061674,0.7280053727333781,0.8024957135762071,0.1423828971894592,0.6742936722987711,0.2106824438118272,0.4905519485473633
SBR_PHYS,Ridge,platt,201,site_aware,5,0.7047354730575418,0.6454217764481051,0.22679864022671983,0.6769456681350955,0.7390272835112692,0.8024957135762071,0.1423828971894592,0.6657918466917713,0.1285387490083783,0.4905519485473633
SBR_PHYS,Ridge,isotonic,201,site_aware,5,0.6877461063767264,0.6656294883622857,0.22531933613558575,0.6211453744493393,0.7334710743801653,0.7711304107376764,0.14647829322999217,0.8127675507525023,0.3590307497215383,0.4905519485473633
SBR_PHYS,Ridge,temp,201,site_aware,5,0.724554586911331,0.6481331831416203,0.2214306735560586,0.7026431718061674,0.7280053727333781,0.8024957135762071,0.1423828971894592,0.6990762897473137,0.2645405620855152,0.4905519485473633
SBR_PHYS,Ridge,gamma,201,site_aware,5,0.7311326607241975,0.6315347601759088,0.21300176915218821,0.7026431718061674,0.7280053727333781,0.8024957135762071,0.1423828971894592,0.6929628267966018,0.2675835564267849,0.4905519485473633
SBR_PHYS,ET,raw,201,site_aware,5,0.8546097669812039,0.5068907821787941,0.1666088026644389,0.7797356828193832,0.7869318181818182,0.8802242423086291,0.08000000742542238,0.4605284603309113,0.11335146302784041,15.153544664382935
SBR_PHYS,ET,platt,201,site_aware,5,0.8251412152675743,0.543223169113673,0.18120657517686492,0.7555066079295154,0.7711340206185567,0.8802242423086291,0.08000000742542238,0.49033247048571366,0.114351167233736,15.153544664382935
SBR_PHYS,ET,isotonic,201,site_aware,5,0.8334029886483604,0.5571767444333727,0.16520912015351208,0.7826725403817915,0.8055190538764783,0.8651962127952496,0.084507532186339,0.4470441964290727,0.17731556530192286,15.153544664382935
SBR_PHYS,ET,temp,201,site_aware,5,0.8548143794690959,0.4758017728333317,0.15670499439388555,0.7797356828193832,0.7869318181818182,0.8802242423086291,0.08000000742542238,0.42221529796100193,0.13054956662569575,15.153544664382935
SBR_PHYS,ET,gamma,201,site_aware,5,0.8548143794690959,0.4758017422699341,0.15670498503952396,0.7797356828193832,0.7869318181818182,0.8802242423086291,0.08000000742542238,0.42221521292563546,0.13054966243203642,15.153544664382935
SBR_PHYS,XGB,raw,201,site_aware,5,0.8481274692264995,0.5256539142415406,0.1648691619493926,0.762848751835536,0.7777013076393668,0.864852195842943,0.10927854575811571,0.5183304965798274,0.22755851846641775,71.87502932548523
SBR_PHYS,XGB,platt,201,site_aware,5,0.8294663749850348,0.5214876756154005,0.17066773283066095,0.7584434654919237,0.777552400270453,0.864852195842943,0.10927854575811571,0.5006714841002877,0.13232672705263004,71.87502932548523
SBR_PHYS,XGB,isotonic,201,site_aware,5,0.8266518649122235,0.5122380243773323,0.1647416636390609,0.762848751835536,0.7619749447310243,0.860360530379554,0.09830221867781017,0.5122211280511089,0.21250740047117736,71.87502932548523
SBR_PHYS,XGB,temp,201,site_aware,5,0.8465994057530937,0.48890444225810026,0.1599231223109042,0.762848751835536,0.7777013076393668,0.864852195842943,0.10927854575811571,0.46463604747867027,0.13998046352514287,71.87502932548523
SBR_PHYS,XGB,gamma,201,site_aware,5,0.848114408854932,0.4786572145134667,0.1572399153495585,0.762848751835536,0.7777013076393668,0.864852195842943,0.10927854575811571,0.46075621179629644,0.1417039421586539,71.87502932548523
SBR_PHYS,LGB,raw,201,site_aware,5,0.8364319064877396,0.5214541886735821,0.16928353615142655,0.7599118942731278,0.7721254355400697,0.8570158723255599,0.10049694260604473,0.5272806573111958,0.1992237127359894,33.16612887382507
SBR_PHYS,LGB,platt,201,site_aware,5,0.8197755792818974,0.5314537051363629,0.17562569186228974,0.7555066079295154,0.7714481811942348,0.8570158723255599,0.10049694260604473,0.5190036156422498,0.1394277070402448,33.16612887382507
SBR_PHYS,LGB,isotonic,201,site_aware,5,0.8213493540557896,0.5184256385644421,0.17109419993354938,0.7334801762114538,0.7256235827664399,0.860360711081651,0.08431021279105629,0.49482771654388735,0.13767752833304303,33.16612887382507
SBR_PHYS,LGB,temp,201,site_aware,5,0.8362316474570367,0.49545505540181933,0.16383562873366828,0.7599118942731278,0.7721254355400697,0.8570158723255599,0.10049694260604473,0.48288805135241725,0.12733501296332378,33.16612887382507
SBR_PHYS,LGB,gamma,201,site_aware,5,0.8363578977155233,0.49430947816056525,0.1635566902164789,0.7599118942731278,0.7721254355400697,0.8570158723255599,0.10049694260604473,0.4827095352828662,0.1273129263640282,33.16612887382507
SBR_CNN,LR,raw,108,site_aware,5,0.9303338013299811,0.3644523757097167,0.1060138522658051,0.8590308370044053,0.8733509234828496,0.9043498126967133,0.08304336660392872,0.4144294534743456,0.3073324416238657,1.120812177658081
SBR_CNN,LR,platt,108,site_aware,5,0.9184532166606808,0.38148454382177205,0.11350758398689847,0.8546255506607929,0.8707571801566579,0.9043498126967133,0.08304336660392872,0.3931019807925143,0.21946096471763335,1.120812177658081
SBR_CNN,LR,isotonic,108,site_aware,5,0.9170905845604641,0.4069022038048122,0.10498316532655796,0.8649045521292217,0.876010781671159,0.9040640679754846,0.08483106915661999,0.38832194820453786,0.2647368675488612,1.120812177658081
SBR_CNN,LR,temp,108,site_aware,5,0.9257430807239799,0.3729673910533316,0.11045333140502962,0.8590308370044053,0.8733509234828496,0.9043498126967133,0.08304336660392872,0.38602399197536713,0.24227933919863884,1.120812177658081
SBR_CNN,LR,gamma,108,site_aware,5,0.9285510606110078,0.35482552327758377,0.10591388919206529,0.8590308370044053,0.8733509234828496,0.9043498126967133,0.08304336660392872,0.38319683433289575,0.24283136029224842,1.120812177658081
SBR_CNN,Ridge,raw,108,site_aware,5,0.9371295480023074,0.45140519464395723,0.13297906692698244,0.8619676945668135,0.8729729729729729,0.9374843693738425,0.057749669892144785,0.47710744764647056,0.1596235607542571,0.42681050300598145
SBR_CNN,Ridge,platt,108,site_aware,5,0.932710788955279,0.44155034264548537,0.13400105912274118,0.8612334801762115,0.8763897972531066,0.9374843693738425,0.057749669892144785,0.3845710669121791,0.09336320213578864,0.42681050300598145
SBR_CNN,Ridge,isotonic,108,site_aware,5,0.9233595629128983,0.3930193870479907,0.1016948607816325,0.869309838472834,0.8777472527472527,0.9257443577899387,0.06124806742633167,0.3217996432768807,0.1551975355269738,0.42681050300598145
SBR_CNN,Ridge,temp,108,site_aware,5,0.9312785015400354,0.3504462808079031,0.10190645483652361,0.8619676945668135,0.8729729729729729,0.9374843693738425,0.057749669892144785,0.3252520666754673,0.1972629944721589,0.42681050300598145
SBR_CNN,Ridge,gamma,108,site_aware,5,0.9366680815402533,0.35854728762469146,0.10275515325230722,0.8619676945668135,0.8729729729729729,0.9374843693738425,0.057749669892144785,0.3614792983966574,0.17952342172184754,0.42681050300598145
SBR_CNN,ET,raw,108,site_aware,5,0.9352140268390636,0.32102072915688656,0.09862495323959644,0.8671071953010279,0.8724453840732911,0.9507370951904018,0.05123348990575553,0.29031381595651123,0.0905240653710212,15.934672832489014
SBR_CNN,ET,platt,108,site_aware,5,0.9336424287937659,0.36290442336881534,0.10633253212182911,0.869309838472834,0.8742937853107344,0.9507370951904018,0.05123348990575553,0.3208566408060731,0.08041819112809469,15.934672832489014
SBR_CNN,ET,isotonic,108,site_aware,5,0.9134380339787334,0.41943266330192974,0.11867865595603488,0.8120411160058737,0.8039816232771823,0.9295108130807519,0.047600104827978995,0.334046293696166,0.11645675182689413,15.934672832489014
SBR_CNN,ET,temp,108,site_aware,5,0.9374821780346319,0.3091844330727912,0.09599395175504134,0.8671071953010279,0.8724453840732911,0.9507370951904018,0.05123348990575553,0.286006849616926,0.09433949536407621,15.934672832489014
SBR_CNN,ET,gamma,108,site_aware,5,0.9374821780346319,0.3091844320746927,0.09599395224249252,0.8671071953010279,0.8724453840732911,0.9507370951904018,0.05123348990575553,0.2860068401323012,0.0943394737033315,15.934672832489014
SBR_CNN,XGB,raw,108,site_aware,5,0.9276041836723588,0.3645120499705318,0.1087172063708247,0.8568281938325991,0.8644892286309938,0.9436803251495081,0.05549452712337274,0.30809668409215096,0.1637993723141027,39.87081980705261
SBR_CNN,XGB,platt,108,site_aware,5,0.9146896529206255,0.38015245091761085,0.11274241435546628,0.8597650513950074,0.8683666436940042,0.9436803251495081,0.05549452712337274,0.33877976011369565,0.11445794776460856,39.87081980705261
SBR_CNN,XGB,isotonic,108,site_aware,5,0.9126914160707873,0.38267857620812556,0.11521598713227119,0.8384728340675477,0.8394160583941606,0.9366386399313769,0.06345263813998249,0.348107036200563,0.1379525853498629,39.87081980705261
SBR_CNN,XGB,temp,108,site_aware,5,0.9280003482765752,0.33476435518343794,0.10373813491295594,0.8568281938325991,0.8644892286309938,0.9436803251495081,0.05549452712337274,0.3012109378318945,0.1117145963665288,39.87081980705261
SBR_CNN,XGB,gamma,108,site_aware,5,0.9280003482765752,0.33476437671019843,0.10373813224680503,0.8568281938325991,0.8644892286309938,0.9436803251495081,0.05549452712337274,0.3012109747257157,0.1117145627492282,39.87081980705261
SBR_CNN,LGB,raw,108,site_aware,5,0.9292323766611161,0.3561358412037461,0.10596115453130904,0.8619676945668135,0.8688981868898187,0.9427046563564412,0.05804375462142999,0.3131586097226718,0.1401376678995958,21.4575297832489
SBR_CNN,LGB,platt,108,site_aware,5,0.9171167053035993,0.3734400578140182,0.11016117813710759,0.8663729809104258,0.8741355463347165,0.9427046563564412,0.05804375462142999,0.34106358597787584,0.09345884556432658,21.4575297832489
SBR_CNN,LGB,isotonic,108,site_aware,5,0.9181060284498428,0.364520089504937,0.1070401286070418,0.8458149779735683,0.8502139800285307,0.94107226430635,0.060895120680415575,0.2997142889168392,0.1168621957876003,21.4575297832489
SBR_CNN,LGB,temp,108,site_aware,5,0.9296045972507918,0.330124000557149,0.10176950348304754,0.8619676945668135,0.8688981868898187,0.9427046563564412,0.05804375462142999,0.30390363914761687,0.10217670433613846,21.4575297832489
SBR_CNN,LGB,gamma,108,site_aware,5,0.9296045972507918,0.33012402339917685,0.10176950318661449,0.8619676945668135,0.8688981868898187,0.9427046563564412,0.05804375462142999,0.3039037048089202,0.10217664940738308,21.4575297832489
SBR_PHYS_CNN,LR,raw,217,site_aware,5,0.8784492985492105,0.6642046962417361,0.1479641402596446,0.8201174743024964,0.8334466349422162,0.9207718874225852,0.0692626533388622,0.45495422302162164,0.29386995109237846,2.037073850631714
SBR_PHYS_CNN,LR,platt,217,site_aware,5,0.8681337817394239,0.45270930939879506,0.1417869139054073,0.815712187958884,0.8316566063044937,0.9207718874225852,0.0692626533388622,0.3996392964044611,0.17355000882576838,2.037073850631714
SBR_PHYS_CNN,LR,isotonic,217,site_aware,5,0.8751243456209663,0.5054398038011111,0.1404586609256671,0.8039647577092511,0.8086021505376344,0.9252712094901648,0.06613173246591054,0.39533332835191104,0.20362583753051164,2.037073850631714
SBR_PHYS_CNN,LR,temp,217,site_aware,5,0.8791132007705619,0.449538590359931,0.13683526785439457,0.8201174743024964,0.8334466349422162,0.920774801175499,0.06926075373168414,0.38260003205551263,0.18753619073517871,2.037073850631714
SBR_PHYS_CNN,LR,gamma,217,site_aware,5,0.8788607002535889,0.4699158797462076,0.13599238528032243,0.8201174743024964,0.8334466349422162,0.920774801175499,0.06926075373168414,0.3845950883767995,0.18883704191074993,2.037073850631714
SBR_PHYS_CNN,Ridge,raw,217,site_aware,5,0.8476616493072562,0.5340944184920079,0.16299949631381866,0.8069016152716594,0.8321633694958519,0.9112450499214833,0.07058901626878276,0.499189747109996,0.18295923281746926,0.6037273406982422
SBR_PHYS_CNN,Ridge,platt,217,site_aware,5,0.8574242770540155,0.5188846607237543,0.16894732921743277,0.7826725403817915,0.821256038647343,0.9112450499214833,0.07058901626878276,0.42584280220129545,0.13097935552544407,0.6037273406982422
SBR_PHYS_CNN,Ridge,isotonic,217,site_aware,5,0.8425496022028494,0.7065864058409526,0.1595343887785083,0.8069016152716594,0.8361370716510903,0.8987823432199761,0.07191339380675661,0.4251868457442799,0.2564741115089495,0.6037273406982422
SBR_PHYS_CNN,Ridge,temp,217,site_aware,5,0.8486194098888782,0.5274094700009467,0.1726125090939379,0.8069016152716594,0.8321633694958519,0.9112450499214833,0.07058901626878276,0.40289503672146576,0.24751939030298242,0.6037273406982422
SBR_PHYS_CNN,Ridge,gamma,217,site_aware,5,0.853281962538501,0.5159149229163809,0.1649094253271268,0.8069016152716594,0.8321633694958519,0.9112450499214833,0.07058901626878276,0.4167050224660178,0.22233562046998342,0.6037273406982422
SBR_PHYS_CNN,ET,raw,217,site_aware,5,0.9353663978406853,0.3268970555823915,0.0997817042109781,0.8663729809104258,0.8725490196078431,0.9505027038051106,0.05367552558851872,0.28902158617901863,0.09328029586850475,16.653867959976196
SBR_PHYS_CNN,ET,platt,217,site_aware,5,0.9328979876144142,0.3665386225667475,0.10747047798937862,0.8663729809104258,0.8723702664796634,0.9505027038051106,0.05367552558851872,0.31734600149354575,0.08182947571030606,16.653867959976196
SBR_PHYS_CNN,ET,isotonic,217,site_aware,5,0.9220763814063841,0.3830380672944133,0.11023860006566999,0.8303964757709251,0.8285077951002228,0.9343120141226622,0.056059112087303804,0.32914554328972945,0.1121205863619583,16.653867959976196
SBR_PHYS_CNN,ET,temp,217,site_aware,5,0.937958881596848,0.3064239981204992,0.09553191252484915,0.8663729809104258,0.8725490196078431,0.9505027038051106,0.05367552558851872,0.2807176221761442,0.09885555536001095,16.653867959976196
SBR_PHYS_CNN,ET,gamma,217,site_aware,5,0.937958881596848,0.30642400199124203,0.09553191307707315,0.8663729809104258,0.8725490196078431,0.9505027038051106,0.05367552558851872,0.2807176298603629,0.09885554779816295,16.653867959976196
SBR_PHYS_CNN,XGB,raw,217,site_aware,5,0.9295001142782512,0.3566644472748771,0.10632561984044883,0.8619676945668135,0.8703448275862069,0.937984503923173,0.05992502474284952,0.3321986493054765,0.14363297638007697,79.21310067176819
SBR_PHYS_CNN,XGB,platt,217,site_aware,5,0.919010459180897,0.3774044030996395,0.11113426384040585,0.8627019089574156,0.8716540837336993,0.937984503923173,0.05992502474284952,0.3391342676116137,0.084694419012564,79.21310067176819
SBR_PHYS_CNN,XGB,isotonic,217,site_aware,5,0.9242150172505741,0.36144145859972,0.10851106018712608,0.8604992657856094,0.8682385575589459,0.9260301815113348,0.061166532387223,0.318919530117297,0.1113066718978036,79.21310067176819
SBR_PHYS_CNN,XGB,temp,217,site_aware,5,0.9307343193913867,0.32863188637481533,0.1016341655293685,0.8619676945668135,0.8703448275862069,0.937984503923173,0.05992502474284952,0.31233233051019743,0.09690149728571992,79.21310067176819
SBR_PHYS_CNN,XGB,gamma,217,site_aware,5,0.9307343193913867,0.32863194094927234,0.10163417246352274,0.8619676945668135,0.8703448275862069,0.937984503923173,0.05992502474284952,0.31233242160933206,0.09690140787166736,79.21310067176819
SBR_PHYS_CNN,LGB,raw,217,site_aware,5,0.9287491429131159,0.35165379376578754,0.10587404881029934,0.8649045521292217,0.8731034482758621,0.937127539051773,0.06589685961403739,0.32808631121955134,0.14249821892378925,36.04877281188965
SBR_PHYS_CNN,LGB,platt,217,site_aware,5,0.9172777832195993,0.37821053125662846,0.11137773905750752,0.8671071953010279,0.8762816131237184,0.937127539051773,0.06589685961403739,0.3404228529989478,0.08475523930597524,36.04877281188965
SBR_PHYS_CNN,LGB,isotonic,217,site_aware,5,0.9251379501746826,0.3475384296929679,0.10587952474031276,0.8597650513950074,0.8650176678445229,0.9304911330060485,0.054765781499865385,0.3104722964313769,0.09378072533948527,36.04877281188965
SBR_PHYS_CNN,LGB,temp,217,site_aware,5,0.9293847476627376,0.33458297555113725,0.10298722835741485,0.8649045521292217,0.8731034482758621,0.937127539051773,0.06589685961403739,0.3146939314543551,0.09970484253686655,36.04877281188965
SBR_PHYS_CNN,LGB,gamma,217,site_aware,5,0.9293847476627376,0.3345830121660199,0.10298723376452039,0.8649045521292217,0.8731034482758621,0.937127539051773,0.06589685961403739,0.3146939729229347,0.0997048116795756,36.04877281188965
SBR_PCA,LR,raw,142,site_aware,5,0.9051142238330014,0.5634950221097023,0.13091888007250613,0.8318649045521292,0.8472314876584389,0.9356023191368019,0.05857347533171772,0.4442460869555225,0.4154540356725231,1.2842388153076172
SBR_PCA,LR,platt,142,site_aware,5,0.9032335303272712,0.41878715184823423,0.12841523644048358,0.8311306901615272,0.8472775564409031,0.9356023191368019,0.05857347533171772,0.36024515134498547,0.1772925544620277,1.2842388153076172
SBR_PCA,LR,isotonic,142,site_aware,5,0.9022779464742439,0.42386720438191444,0.12517609908129534,0.8318649045521292,0.8449559918754231,0.9290290517212474,0.060422544002111125,0.42622854695696943,0.4217367489978556,1.2842388153076172
SBR_PCA,LR,temp,142,site_aware,5,0.9087123561998672,0.3847561079954028,0.11929068241283634,0.8318649045521292,0.8472314876584389,0.9356044382298301,0.058572402679186904,0.36624279988725106,0.20733967854789734,1.2842388153076172
SBR_PCA,LR,gamma,142,site_aware,5,0.9051904093338122,0.40694329379486843,0.1216292816405504,0.8318649045521292,0.8472314876584389,0.9356044382298301,0.058572402679186904,0.3699517854538662,0.2167362984415105,1.2842388153076172
SBR_PCA,Ridge,raw,142,site_aware,5,0.9148572610224093,0.4872191176636226,0.1495693086896677,0.8377386196769456,0.8489405331510594,0.9294445262437476,0.05244953962053674,0.5022986352068589,0.15574379760894233,0.5037939548492432
SBR_PCA,Ridge,platt,142,site_aware,5,0.9118250780901384,0.493931249067764,0.15668423346464802,0.8281938325991189,0.85,0.9294445262437476,0.05244953962053674,0.4321466796191906,0.09486984531552982,0.5037939548492432
SBR_PCA,Ridge,isotonic,142,site_aware,5,0.8965781826492962,0.41645227430352183,0.1233952972392592,0.8318649045521292,0.8432580424366872,0.9323997200665088,0.05629277012247314,0.3604106650529578,0.1779630116311703,0.5037939548492432
SBR_PCA,Ridge,temp,142,site_aware,5,0.9140083368705173,0.4015588406676841,0.12105155059465801,0.8377386196769456,0.8489405331510594,0.9294445262437476,0.05244953962053674,0.36321875112549173,0.20517589375187348,0.5037939548492432
SBR_PCA,Ridge,gamma,142,site_aware,5,0.9156256462163016,0.4137820274936306,0.12407912995062721,0.8377386196769456,0.8489405331510594,0.9294445262437476,0.05244953962053674,0.3996900437048828,0.18069859656154422,0.5037939548492432
SBR_PCA,ET,raw,142,site_aware,5,0.8848075227740229,0.5097030778244508,0.1650053236392394,0.7944199706314243,0.7968069666182874,0.9317397276014173,0.06788535740665752,0.4698385649669546,0.08211916815472314,16.96727228164673
SBR_PCA,ET,platt,142,site_aware,5,0.853658536585366,0.5268031626534257,0.17348574034840417,0.7650513950073421,0.7759103641456583,0.9317397276014173,0.06788535740665752,0.4705600229088772,0.10866844038138539,16.96727228164673
SBR_PCA,ET,isotonic,142,site_aware,5,0.8653475691383421,0.5156260091448425,0.14980505916376852,0.8186490455212923,0.8295376121463078,0.9219413824916783,0.06871096266752516,0.42375908026431236,0.16688902984077159,16.96727228164673
SBR_PCA,ET,temp,142,site_aware,5,0.884624677572077,0.439494555345716,0.142412034051201,0.7944199706314243,0.7968069666182874,0.9317397276014173,0.06788535740665752,0.37755361307578467,0.11841150032446268,16.96727228164673
SBR_PCA,ET,gamma,142,site_aware,5,0.8848075227740229,0.4447426456315197,0.1436974541154353,0.7944199706314243,0.7968069666182874,0.9317397276014173,0.06788535740665752,0.3848193054309864,0.11500785027090832,16.96727228164673
SBR_PCA,XGB,raw,142,site_aware,5,0.9138929702550038,0.3857919345751445,0.11837129193873265,0.8384728340675477,0.8529411764705882,0.9521727187010581,0.05730313783478233,0.3005067735071879,0.19427073288512023,56.083223819732666
SBR_PCA,XGB,platt,142,site_aware,5,0.9015073845517573,0.4101768138003496,0.12532993524365818,0.8303964757709251,0.8461025982678214,0.9521727187010581,0.05730313783478233,0.33248425276209037,0.15640070139611592,56.083223819732666
SBR_PCA,XGB,isotonic,142,site_aware,5,0.8920342617080788,0.5069376051228603,0.12589570841721004,0.8414096916299559,0.8563829787234043,0.9438526047173914,0.059561039713984965,0.32638999440838534,0.19879893134185633,56.083223819732666
SBR_PCA,XGB,temp,142,site_aware,5,0.9139735092130038,0.3726153980014416,0.11623289999137112,0.8384728340675477,0.8529411764705882,0.9521727187010581,0.05730313783478233,0.2938505498483571,0.15511733018768317,56.083223819732666
SBR_PCA,XGB,gamma,142,site_aware,5,0.9139735092130038,0.3726153685470328,0.11623289461119277,0.8384728340675477,0.8529411764705882,0.9521727187010581,0.05730313783478233,0.29385055197409776,0.15511734046555356,56.083223819732666
SBR_PCA,LGB,raw,142,site_aware,5,0.9165464024118153,0.391809199165008,0.11919340228548218,0.8362701908957415,0.8500336247478144,0.9497431616231546,0.0523246968964399,0.30714049652857056,0.16690262003529654,29.417208433151245
SBR_PCA,LGB,platt,142,site_aware,5,0.8991282201978645,0.4068096441391496,0.12436738877571538,0.8318649045521292,0.8455832771409305,0.9497431616231546,0.0523246968964399,0.3342249356415948,0.1343343092997194,29.417208433151245
SBR_PCA,LGB,isotonic,142,site_aware,5,0.9078569018621914,0.4720229144955408,0.12078602588979176,0.8348017621145375,0.8451479697178252,0.9353728308059509,0.050142104724109154,0.3085436879315945,0.15654590678089567,29.417208433151245
SBR_PCA,LGB,temp,142,site_aware,5,0.9160544617494368,0.36914620807501003,0.115596617814672,0.8362701908957415,0.8500336247478144,0.9497431616231546,0.0523246968964399,0.3021417226746663,0.13118175612401614,29.417208433151245
SBR_PCA,LGB,gamma,142,site_aware,5,0.9160544617494368,0.3691461803739198,0.1155966114567255,0.8362701908957415,0.8500336247478144,0.9497431616231546,0.0523246968964399,0.3021416803589803,0.1311817875042575,29.417208433151245
SBR_PHYS_PCA,LR,raw,251,site_aware,5,0.846110730183607,1.1854490480965274,0.18671179231753907,0.7826725403817915,0.7858176555716353,0.9289031506044096,0.06337841549898272,0.5869390060999116,0.47178970855238606,2.2696332931518555
SBR_PHYS_PCA,LR,platt,251,site_aware,5,0.8583646238068807,0.4925974460929436,0.15904168094717014,0.7848751835535976,0.7884476534296029,0.9289031506044096,0.06337841549898272,0.413236895154831,0.16986157741317262,2.2696332931518555
SBR_PHYS_PCA,LR,isotonic,251,site_aware,5,0.8436749708862551,0.5083178555261046,0.16113838861894295,0.8046989720998532,0.8197831978319783,0.9218052194768749,0.06776164329157422,0.4125691905854761,0.19252852528179973,2.2696332931518555
SBR_PHYS_PCA,LR,temp,251,site_aware,5,0.8468812921060939,0.560491924809859,0.16377567155528963,0.7826725403817915,0.7858176555716353,0.9292088297737251,0.06319807252392348,0.4035474693814619,0.1661752244355168,2.2696332931518555
SBR_PHYS_PCA,LR,gamma,251,site_aware,5,0.846110730183607,0.6917457870997735,0.17126089402265776,0.7826725403817915,0.7858176555716353,0.9292088297737251,0.06319807252392348,0.4227618634602532,0.23326175076461958,2.2696332931518555
SBR_PHYS_PCA,Ridge,raw,251,site_aware,5,0.790235195524646,0.6126664544510376,0.18969575442432887,0.7687224669603524,0.7895791583166333,0.8947982728864264,0.08536477345105363,0.544256763988723,0.1697764270297339,0.6534831523895264
SBR_PHYS_PCA,Ridge,platt,251,site_aware,5,0.8064409399114072,0.5702758965609063,0.19147915471673715,0.7723935389133627,0.8064918851435705,0.8947982728864264,0.08536477345105363,0.48984339791675185,0.10747032587308132,0.6534831523895264
SBR_PHYS_PCA,Ridge,isotonic,251,site_aware,5,0.7855606708677529,0.7220025076889,0.18642928604682685,0.7437591776798825,0.764983164983165,0.8801639540123588,0.09144223844183723,0.5189366471793495,0.2733391488338124,0.6534831523895264
SBR_PHYS_PCA,Ridge,temp,251,site_aware,5,0.8048965509735417,0.5696494723681114,0.18894890002036932,0.7687224669603524,0.7895791583166333,0.8947982728864264,0.08536477345105363,0.4693633851040316,0.2275980984231428,0.6534831523895264
SBR_PHYS_PCA,Ridge,gamma,251,site_aware,5,0.805211088255461,0.5676688001418141,0.1855557811725326,0.7687224669603524,0.7895791583166333,0.8947982728864264,0.08536477345105363,0.47494117890887144,0.20845220442900753,0.6534831523895264
SBR_PHYS_PCA,ET,raw,251,site_aware,5,0.8851209716916446,0.48606368770214514,0.1564070804255861,0.8091042584434655,0.8153409090909091,0.918021247538767,0.06517768615868148,0.4389874887125448,0.09735313755222134,17.418999671936035
SBR_PHYS_PCA,ET,platt,251,site_aware,5,0.8624503433789358,0.5106771361440001,0.16662198032537867,0.7929515418502202,0.8063186813186813,0.918021247538767,0.06517768615868148,0.44627397083673215,0.10602162272602535,17.418999671936035
SBR_PHYS_PCA,ET,isotonic,251,site_aware,5,0.8726983816022899,0.5413991138785872,0.1503411830602481,0.8010279001468429,0.822527832351015,0.9121736690532195,0.0646621156865028,0.40122869266316663,0.17815510994930348,17.418999671936035
SBR_PHYS_PCA,ET,temp,251,site_aware,5,0.8853429980082934,0.42744501254136363,0.1380821747610625,0.8091042584434655,0.8153409090909091,0.918021247538767,0.06517768615868148,0.3656184654199469,0.11847083549128279,17.418999671936035
SBR_PHYS_PCA,ET,gamma,251,site_aware,5,0.8852646357788878,0.4281171492511405,0.13826757098862733,0.8091042584434655,0.8153409090909091,0.918021247538767,0.06517768615868148,0.36578697897394163,0.11852264225685338,17.418999671936035
SBR_PHYS_PCA,XGB,raw,251,site_aware,5,0.9202163668223028,0.3668427694758625,0.11198391166558035,0.842143906020558,0.8556077904633983,0.9535135730187051,0.06250502407517886,0.27962776712032317,0.14107835174662628,96.70233011245728
SBR_PHYS_PCA,XGB,platt,251,site_aware,5,0.910192531644192,0.3961856736047954,0.11954897862673625,0.8362701908957415,0.8498316498316498,0.9535135730187051,0.06250502407517886,0.31342937554053857,0.10042094262628493,96.70233011245728
SBR_PHYS_PCA,XGB,isotonic,251,site_aware,5,0.902366103982325,0.4915381661467703,0.11927260301653422,0.8516886930983847,0.8671052631578947,0.938339134741956,0.06092724599477057,0.2901674521281198,0.14946590850466984,96.70233011245728
SBR_PHYS_PCA,XGB,temp,251,site_aware,5,0.9205472295686811,0.35922104677654715,0.11100759708733693,0.842143906020558,0.8556077904633983,0.9535135730187051,0.06250502407517886,0.27939073117998126,0.11840411765457176,96.70233011245728
SBR_PHYS_PCA,XGB,gamma,251,site_aware,5,0.9205472295686811,0.35922105390847314,0.1110075982397516,0.842143906020558,0.8556077904633983,0.9535135730187051,0.06250502407517886,0.27939071968256846,0.11840413361439438,96.70233011245728
SBR_PHYS_PCA,LGB,raw,251,site_aware,5,0.9183291431307887,0.3875510858432191,0.11734507476337316,0.8355359765051396,0.8480325644504749,0.9554268603471,0.057725624550314415,0.28399106191039125,0.1416508354351782,43.810964822769165
SBR_PHYS_PCA,LGB,platt,251,site_aware,5,0.9052709482918123,0.40169449403152696,0.1223341407373361,0.8362701908957415,0.8477815699658703,0.9554268603471,0.057725624550314415,0.3188340513726756,0.10438368498239257,43.810964822769165
SBR_PHYS_PCA,LGB,isotonic,251,site_aware,5,0.905379784721542,0.4797419250199421,0.12775976437726413,0.8164464023494861,0.8167155425219942,0.9428240307728248,0.047153414980143735,0.2911883925564648,0.1528594605479628,43.810964822769165
SBR_PHYS_PCA,LGB,temp,251,site_aware,5,0.9176042925087886,0.36445167986404653,0.11351030569963888,0.8355359765051396,0.8480325644504749,0.9554268603471,0.057725624550314415,0.28734052799819076,0.10843484202810832,43.810964822769165
SBR_PHYS_PCA,LGB,gamma,251,site_aware,5,0.9176042925087886,0.3644516795308257,0.11351030614939195,0.8355359765051396,0.8480325644504749,0.9554268603471,0.057725624550314415,0.2873404682478083,0.1084349089844252,43.810964822769165
SBR_CNN_PCA,LR,raw,158,site_aware,5,0.9003439231179462,0.6118464712315305,0.13575129555688184,0.8333333333333334,0.8433402346445825,0.9182470671287792,0.0639456096942231,0.4559554864212546,0.470632148805032,1.4108409881591797
SBR_CNN_PCA,LR,platt,158,site_aware,5,0.8917229895190517,0.4279667944803702,0.13132031544615655,0.8303964757709251,0.8421052631578947,0.9182470671287792,0.0639456096942231,0.3802965538917844,0.19851242878827194,1.4108409881591797
SBR_CNN_PCA,LR,isotonic,158,site_aware,5,0.8799229438077513,0.4446936508839487,0.1416851502831173,0.7745961820851689,0.7580772261623325,0.9157813412612936,0.07122073043248728,0.40022845864533113,0.37573266421343204,1.4108409881591797
SBR_CNN_PCA,LR,temp,158,site_aware,5,0.9024825589621358,0.39428632012176246,0.1230495204508442,0.8333333333333334,0.8433402346445825,0.9182306441578107,0.06394870671125207,0.35642374776240654,0.24730031503864672,1.4108409881591797
SBR_CNN_PCA,LR,gamma,158,site_aware,5,0.9006073072778921,0.421891968229014,0.12535350512663015,0.8333333333333334,0.8433402346445825,0.9182306441578107,0.06394870671125207,0.36208890307516556,0.2549961356112719,1.4108409881591797
SBR_CNN_PCA,Ridge,raw,158,site_aware,5,0.9235707055865741,0.4686561381532954,0.1408493425828963,0.8575624082232012,0.8660220994475138,0.9337847310019673,0.059969558040164864,0.4667222061658106,0.17260117427451416,0.5456104278564453
SBR_CNN_PCA,Ridge,platt,158,site_aware,5,0.9184314493747348,0.46251483022550577,0.1430566835986918,0.8538913362701909,0.8674217188540972,0.9337847310019673,0.059969558040164864,0.38009003964683663,0.1136161687440762,0.5456104278564453
SBR_CNN_PCA,Ridge,isotonic,158,site_aware,5,0.9099498264058946,0.3954778262847115,0.1146376379155725,0.8370044052863436,0.8418803418803419,0.9301632964469828,0.06820384956535631,0.32393523243837163,0.19478670503530457,0.5456104278564453
SBR_CNN_PCA,Ridge,temp,158,site_aware,5,0.9183879148028429,0.38491577528285764,0.11407992005410916,0.8575624082232012,0.8660220994475138,0.9337847310019673,0.059969558040164864,0.32402281486990636,0.2128925786121222,0.5456104278564453
SBR_CNN_PCA,Ridge,gamma,158,site_aware,5,0.9224562205461412,0.3908423627479334,0.11475937922017561,0.8575624082232012,0.8660220994475138,0.9337847310019673,0.059969558040164864,0.3555466441233056,0.19628397547531345,0.5456104278564453
SBR_CNN_PCA,ET,raw,158,site_aware,5,0.9350834231233879,0.32126188265068656,0.09828153527421023,0.868575624082232,0.8747375787263821,0.9489653370724509,0.056073601626373294,0.28680069290557886,0.08977028963790433,17.412948608398438
SBR_CNN_PCA,ET,platt,158,site_aware,5,0.9336641960797117,0.3611566329201577,0.10561654265541194,0.8715124816446402,0.8778785764131193,0.9489653370724509,0.056073601626373294,0.3165961687996842,0.08052271312485099,17.412948608398438
SBR_CNN_PCA,ET,isotonic,158,site_aware,5,0.9145220448188418,0.3950212912005553,0.11621917310833457,0.8237885462555066,0.8211624441132638,0.9325199039311943,0.05785558772855807,0.32884995866765854,0.10975609178262812,17.412948608398438
SBR_CNN_PCA,ET,temp,158,site_aware,5,0.937223147331875,0.3076519265506584,0.09544009062725602,0.868575624082232,0.8747375787263821,0.9489653370724509,0.056073601626373294,0.27989836530658774,0.09672380980066844,17.412948608398438
SBR_CNN_PCA,ET,gamma,158,site_aware,5,0.937223147331875,0.30765197461467525,0.09544010323638479,0.868575624082232,0.8747375787263821,0.9489653370724509,0.056073601626373294,0.2798983670509919,0.09672381316418746,17.412948608398438
SBR_CNN_PCA,XGB,raw,158,site_aware,5,0.9277739685027373,0.3607572812181082,0.10864949254027925,0.8494860499265786,0.8573416840640222,0.9449604155773889,0.06722943594500785,0.3042790525571719,0.1671885104075098,59.16961622238159
SBR_CNN_PCA,XGB,platt,158,site_aware,5,0.9175825252228427,0.3815418834326444,0.11379241643372397,0.8502202643171806,0.8585298196948682,0.9449604155773889,0.06722943594500785,0.32857637198979806,0.11083242384601083,59.16961622238159
SBR_CNN_PCA,XGB,isotonic,158,site_aware,5,0.9190920865031943,0.36825769608966796,0.11365909293189581,0.8164464023494861,0.8106060606060606,0.9322423945687799,0.06512089589950515,0.3131377088118143,0.13335548920268978,59.16961622238159
SBR_CNN_PCA,XGB,temp,158,site_aware,5,0.9289755226869538,0.3392873116527427,0.10391922428407922,0.8494860499265786,0.8573416840640222,0.9449604155773889,0.06722943594500785,0.2833417954154032,0.11470749113905303,59.16961622238159
SBR_CNN_PCA,XGB,gamma,158,site_aware,5,0.9289755226869538,0.339287301137146,0.10391922496585031,0.8494860499265786,0.8573416840640222,0.9449604155773889,0.06722943594500785,0.2833418114233135,0.11470751819078366,59.16961622238159
SBR_CNN_PCA,LGB,raw,158,site_aware,5,0.9249115704008446,0.3797403819096677,0.11187522005235348,0.8502202643171806,0.8585298196948682,0.9468596127864002,0.06185115612455714,0.3318509013013461,0.15235474228096055,31.363893508911133
SBR_CNN_PCA,LGB,platt,158,site_aware,5,0.9167401312567343,0.38213433439671723,0.11421507908298881,0.8480176211453745,0.856945404284727,0.9468596127864002,0.06185115612455714,0.33871745145101073,0.10850053531260986,31.363893508911133
SBR_CNN_PCA,LGB,isotonic,158,site_aware,5,0.9168097865717614,0.42067173717402306,0.11440525254162297,0.8274596182085169,0.8270787343635025,0.9364218950971276,0.06610674152217075,0.32690966299989777,0.14676201412226747,31.363893508911133
SBR_CNN_PCA,LGB,temp,158,site_aware,5,0.9251227130745202,0.341928067922541,0.10591720582255328,0.8502202643171806,0.8585298196948682,0.9468596127864002,0.06185115612455714,0.3014559206241933,0.11255685118883198,31.363893508911133
SBR_CNN_PCA,LGB,gamma,158,site_aware,5,0.9251227130745202,0.3419280721763484,0.10591720874116167,0.8502202643171806,0.8585298196948682,0.9468596127864002,0.06185115612455714,0.3014558846093899,0.11255693687968937,31.363893508911133
SBR_PHYS_CNN_PCA,LR,raw,267,site_aware,5,0.8251553640034393,1.4602725980833866,0.20863691459983244,0.7591776798825257,0.7588235294117647,0.919805798352163,0.069519121005157,0.6943028024685857,0.6136696766044073,2.4905941486358643
SBR_PHYS_CNN_PCA,LR,platt,267,site_aware,5,0.8294293705989267,0.519984271310144,0.17082510962770872,0.7613803230543319,0.7626004382761139,0.919805798352163,0.069519121005157,0.4362205194050344,0.214167447861569,2.4905941486358643
SBR_PHYS_CNN_PCA,LR,isotonic,267,site_aware,5,0.8339232267824686,0.529663905937864,0.16889832490533943,0.7797356828193832,0.7950819672131147,0.9126461407759441,0.06542083433970401,0.3924740990373011,0.24020144308770155,2.4905941486358643
SBR_PHYS_CNN_PCA,LR,temp,267,site_aware,5,0.8261599242498447,0.6395764994785613,0.18023669651352425,0.7591776798825257,0.7588235294117647,0.9200007549107561,0.06935918915092469,0.42112658415385384,0.23467863508479475,2.4905941486358643
SBR_PHYS_CNN_PCA,LR,gamma,267,site_aware,5,0.8251553640034393,0.8186627285702293,0.19023044855019347,0.7591776798825257,0.7588235294117647,0.9200007549107561,0.06935918915092469,0.46082759157090153,0.3146492515481542,2.4905941486358643
SBR_PHYS_CNN_PCA,Ridge,raw,267,site_aware,5,0.7922617298462141,0.6433499746084272,0.18845191532898106,0.7701908957415565,0.7909151636606546,0.9114943006061926,0.08945745340131447,0.5064335878501975,0.1952143296307388,0.7083795070648193
SBR_PHYS_CNN_PCA,Ridge,platt,267,site_aware,5,0.8033238645639469,0.5487983611260954,0.18129554466840722,0.7687224669603524,0.8,0.9114943006061926,0.08945745340131447,0.4255914821141314,0.14226084602684957,0.7083795070648193
SBR_PHYS_CNN_PCA,Ridge,isotonic,267,site_aware,5,0.7914051871442409,0.7667889271837247,0.17916537021718903,0.7694566813509545,0.7958387516254877,0.9020271532211567,0.08502594826396874,0.4086972350174343,0.27121776249409835,0.7083795070648193
SBR_PHYS_CNN_PCA,Ridge,temp,267,site_aware,5,0.8014725568942437,0.5639351070850328,0.1879534213309262,0.7701908957415565,0.7909151636606546,0.9114943006061926,0.08945745340131447,0.40513130069463665,0.2478320813091761,0.7083795070648193
SBR_PHYS_CNN_PCA,Ridge,gamma,267,site_aware,5,0.8005550657916218,0.5690628247254704,0.18471799681489598,0.7701908957415565,0.7909151636606546,0.9114943006061926,0.08945745340131447,0.4172525312439569,0.22857197582473118,0.7083795070648193
SBR_PHYS_CNN_PCA,ET,raw,267,site_aware,5,0.9360041793189016,0.32789113348954874,0.09974534146586872,0.8641703377386197,0.8707197763801537,0.9503629954078685,0.054111087686303176,0.2900239361274538,0.09035528932633499,17.967236042022705
SBR_PHYS_CNN_PCA,ET,platt,267,site_aware,5,0.9332092598034413,0.3660675651819441,0.10728220913494359,0.868575624082232,0.8743859649122807,0.9503629954078685,0.054111087686303176,0.3161892299243954,0.08125021984182938,17.967236042022705
SBR_PHYS_CNN_PCA,ET,isotonic,267,site_aware,5,0.925816001131899,0.3960677265318225,0.11127614010799372,0.8296622613803231,0.827893175074184,0.9376276435191644,0.05103538383946667,0.32599931995851,0.11115532085882474,17.967236042022705
SBR_PHYS_CNN_PCA,ET,temp,267,site_aware,5,0.9376867905225237,0.3069589074061857,0.09541932142600769,0.8641703377386197,0.8707197763801537,0.9503629954078685,0.054111087686303176,0.27950397504312513,0.09838234392230101,17.967236042022705
SBR_PHYS_CNN_PCA,ET,gamma,267,site_aware,5,0.9376867905225237,0.30695891573378403,0.09541932194028946,0.8641703377386197,0.8707197763801537,0.9503629954078685,0.054111087686303176,0.2795040054006025,0.09838230003416187,17.967236042022705
SBR_PHYS_CNN_PCA,XGB,raw,267,site_aware,5,0.9277609081311697,0.35636051667838153,0.10690249674377034,0.8546255506607929,0.8626907073509015,0.9393190489609491,0.07532615035393801,0.32191432722426033,0.16670685553912076,103.74036645889282
SBR_PHYS_CNN_PCA,XGB,platt,267,site_aware,5,0.9201423580500866,0.37803163388174016,0.11190558515658115,0.856093979441997,0.8650137741046832,0.9393190489609491,0.07532615035393801,0.3323432271577001,0.09957576934884076,103.74036645889282
SBR_PHYS_CNN_PCA,XGB,isotonic,267,site_aware,5,0.9231843362610332,0.3843895648499139,0.10783131744001849,0.8597650513950074,0.8699795779441797,0.9353485508575761,0.07374094381234253,0.3129946933864514,0.12089263244126909,103.74036645889282
SBR_PHYS_CNN_PCA,XGB,temp,267,site_aware,5,0.9290887125738727,0.3363172542679507,0.10314140868072427,0.8546255506607929,0.8626907073509015,0.9393190489609491,0.07532615035393801,0.29626308160238646,0.1102600703839474,103.74036645889282
SBR_PHYS_CNN_PCA,XGB,gamma,267,site_aware,5,0.929086535845278,0.3363172605166844,0.10314141000092124,0.8546255506607929,0.8626907073509015,0.9393190489609491,0.07532615035393801,0.2962631253767242,0.11026001671392899,103.74036645889282
SBR_PHYS_CNN_PCA,LGB,raw,267,site_aware,5,0.924887626386304,0.37203769339285786,0.11021977339909177,0.8538913362701909,0.8628532046864231,0.9357096762604143,0.05898201974515883,0.32397283673401894,0.13693845510848088,46.34545874595642
SBR_PHYS_CNN_PCA,LGB,platt,267,site_aware,5,0.9159956900773829,0.38394376681537956,0.1144436477867973,0.8516886930983847,0.8614540466392319,0.9357096762604143,0.05898201974515883,0.3355810896251824,0.09155596182527381,46.34545874595642
SBR_PHYS_CNN_PCA,LGB,isotonic,267,site_aware,5,0.9147625733285445,0.4326558308706578,0.11738748454399929,0.8333333333333334,0.8339429407461595,0.9295769383045018,0.07074720105637244,0.3317697164151079,0.12330063471810038,46.34545874595642
SBR_PHYS_CNN_PCA,LGB,temp,267,site_aware,5,0.9249072169436554,0.3418286058217923,0.1055677294768215,0.8538913362701909,0.8628532046864231,0.9357096762604143,0.05898201974515883,0.30226188165425316,0.10200880291276031,46.34545874595642
SBR_PHYS_CNN_PCA,LGB,gamma,267,site_aware,5,0.9249072169436554,0.34182860868041637,0.10556773360101063,0.8538913362701909,0.8628532046864231,0.9357096762604143,0.05898201974515883,0.3022618626735274,0.10200889356219273,46.34545874595642
PHYS_RAD_CNN,LR,raw,338,site_aware,5,0.8212426943546545,1.3955408487399006,0.2079445788715983,0.7540381791483113,0.7756195579370395,0.899243698796232,0.07252029464168276,0.6429004107220438,0.5052698249088824,2.66055965423584
PHYS_RAD_CNN,LR,platt,338,site_aware,5,0.8046658177425148,0.5456621024489698,0.1809894531040268,0.7533039647577092,0.7754010695187166,0.8992500560753165,0.07251121794696978,0.43089044544045463,0.16702135702163043,2.66055965423584
PHYS_RAD_CNN,LR,isotonic,338,site_aware,5,0.8160784057639774,0.588643280215757,0.17578010796770094,0.7444933920704846,0.7339449541284404,0.8978903558787141,0.07380934402383728,0.40007850863646377,0.14567780263161548,2.66055965423584
PHYS_RAD_CNN,LR,temp,338,site_aware,5,0.8214516602997357,0.6198651490552812,0.17699384763102077,0.7540381791483113,0.7756195579370395,0.8994634891883097,0.07221665667647321,0.3907766609876033,0.179910604992319,2.66055965423584
PHYS_RAD_CNN,LR,gamma,338,site_aware,5,0.8212426943546545,0.7885601255701755,0.1876266570157977,0.7540381791483113,0.7756195579370395,0.8994634891883097,0.07221665667647321,0.42359382321532646,0.2633245799852956,2.66055965423584
PHYS_RAD_CNN,Ridge,raw,338,site_aware,5,0.7700155636094514,0.7663365950199174,0.20067762155505114,0.7459618208516887,0.7639836289222374,0.9014028733426549,0.10091292520025648,0.4761101892513415,0.17377394102556892,0.7667601108551025
PHYS_RAD_CNN,Ridge,platt,338,site_aware,5,0.7989421099030267,0.5690820307010922,0.19187772274302836,0.737885462555066,0.7730451366815003,0.9014028733426549,0.10091292520025648,0.4351074747907516,0.11659057217062876,0.7667601108551025
PHYS_RAD_CNN,Ridge,isotonic,338,site_aware,5,0.7690393008347756,0.6983043009334677,0.19374643753036805,0.737151248164464,0.7482419127988749,0.8967751326198211,0.1026796666754457,0.390781796715759,0.20316360461834135,0.7667601108551025
PHYS_RAD_CNN,Ridge,temp,338,site_aware,5,0.7924445750481601,0.5957067219835074,0.1933203646426415,0.7459618208516887,0.7639836289222374,0.9014039328891691,0.10091092143739021,0.3766650072791788,0.1632502359577338,0.7667601108551025
PHYS_RAD_CNN,Ridge,gamma,338,site_aware,5,0.7890554086263754,0.6224272637617724,0.19192610214394668,0.7459618208516887,0.7639836289222374,0.9014039328891691,0.10091092143739021,0.3807297192559771,0.17173639892772852,0.7667601108551025
PHYS_RAD_CNN,ET,raw,338,site_aware,5,0.9321905508211707,0.3319079216162001,0.10105175294544949,0.8678414096916299,0.8744769874476988,0.9440182557495987,0.05915381243625258,0.3018801127604254,0.0919493894290606,18.202917098999023
PHYS_RAD_CNN,ET,platt,338,site_aware,5,0.9296546620084676,0.36825902630173424,0.10817050633417405,0.8700440528634361,0.8761371588523443,0.9440182557495987,0.05915381243625258,0.32443194188140534,0.08025192439848283,18.202917098999023
PHYS_RAD_CNN,ET,isotonic,338,site_aware,5,0.9260608830987909,0.35964123159849404,0.10730703149844874,0.8384728340675477,0.8379970544918999,0.9376663424818572,0.06177491211763191,0.3284381540404288,0.11541694962632333,18.202917098999023
PHYS_RAD_CNN,ET,temp,338,site_aware,5,0.9339928820974958,0.31213800939055,0.09695612486184584,0.8678414096916299,0.8744769874476988,0.9440182557495987,0.05915381243625258,0.2917891235461777,0.1053253358627699,18.202917098999023
PHYS_RAD_CNN,ET,gamma,338,site_aware,5,0.9339928820974958,0.31213801379864053,0.09695612413230541,0.8678414096916299,0.8744769874476988,0.9440182557495987,0.05915381243625258,0.2917890923031919,0.10532539341565743,18.202917098999023
PHYS_RAD_CNN,XGB,raw,338,site_aware,5,0.92391462870452,0.36584164992250057,0.1078454876778639,0.8590308370044053,0.8662952646239555,0.9141635745828536,0.0671800033495168,0.39372396235003654,0.1542176805647002,135.34657287597656
PHYS_RAD_CNN,XGB,platt,338,site_aware,5,0.9162547207801395,0.3845850958416707,0.11371860369538736,0.8619676945668135,0.8694444444444445,0.9141635745828536,0.0671800033495168,0.37715046449101247,0.08097928092344825,135.34657287597656
PHYS_RAD_CNN,XGB,isotonic,338,site_aware,5,0.9211610670323571,0.35420850994615455,0.1102498281792045,0.8531571218795888,0.8552821997105644,0.9074163892140937,0.07364369408755006,0.36144222977512674,0.12279261562864797,135.34657287597656
PHYS_RAD_CNN,XGB,temp,338,site_aware,5,0.9235358779290603,0.3420083602467689,0.10471348966441876,0.8590308370044053,0.8662952646239555,0.9141635745828536,0.0671800033495168,0.3479736862041924,0.1000658341033326,135.34657287597656
PHYS_RAD_CNN,XGB,gamma,338,site_aware,5,0.9235358779290603,0.3420083415062499,0.10471348614879972,0.8590308370044053,0.8662952646239555,0.9141635745828536,0.0671800033495168,0.3479736842613036,0.10006575355362393,135.34657287597656
PHYS_RAD_CNN,LGB,raw,338,site_aware,5,0.924737432113277,0.3607293902413765,0.10616745489943273,0.8597650513950074,0.8665269042627534,0.9220190797842734,0.07527540007794166,0.3612051636627391,0.1431941534581033,53.28793025016785
PHYS_RAD_CNN,LGB,platt,338,site_aware,5,0.9180614055136536,0.3755493442116966,0.11058118009947575,0.8590308370044053,0.866481223922114,0.9220190797842734,0.07527540007794166,0.3613535396212356,0.08150633069844755,53.28793025016785
PHYS_RAD_CNN,LGB,isotonic,338,site_aware,5,0.9180788193424103,0.3533119092942317,0.10727908571051875,0.8590308370044053,0.8636363636363636,0.9095756780340029,0.07695183939454518,0.35250610381553427,0.12551916903390492,53.28793025016785
PHYS_RAD_CNN,LGB,temp,338,site_aware,5,0.924865859100358,0.3389434638230467,0.10341860419581769,0.8597650513950074,0.8665269042627534,0.9220190797842734,0.07527540007794166,0.33314636929049657,0.10055903692252181,53.28793025016785
PHYS_RAD_CNN,LGB,gamma,338,site_aware,5,0.924865859100358,0.3389434412499627,0.10341860117248126,0.8597650513950074,0.8665269042627534,0.9220190797842734,0.07527540007794166,0.3331463466783574,0.10055907353276225,53.28793025016785
